IDpol,ClaimNb,Exposure,Area,VehPower,VehAge,DrivAge,BonusMalus,VehBrand,VehGas,Density,Region
1179653.0,0,1.99,A,11,10,50,50,B12,Regular,29.0,R25
1179654.0,1,1.17,D,4,2,21,112,B6,Regular,721.0,R93
1179656.0,1,1.12,E,6,0,37,72,B4,Diesel,9307.0,R82
1179658.0,0,1.48,D,7,4,46,50,B6,Diesel,776.0,R93
1179660.0,1,1.5,C,8,14,26,76,B1,Regular,372.0,R25
1179661.0,0,1.53,A,8,16,31,68,B1,Diesel,10.0,R24
1179662.0,0,1.48,F,5,1,72,50,B14,Regular,27000.0,R11
1179663.0,0,1.01,B,6,0,24,72,B3,Diesel,93.0,R91
1179666.0,0,1.03,C,7,4,52,57,B1,Diesel,443.0,R73
1179667.0,0,1.09,A,5,4,37,50,B4,Diesel,26.0,R24
1179669.0,0,1.56,C,5,5,56,50,B1,Diesel,301.0,R93
1179681.0,0,1.07,D,4,0,30,100,B1,Diesel,1326.0,R93
1179682.0,0,1.01,A,7,5,38,50,B11,Diesel,22.0,R72
1179683.0,0,1.43,C,7,14,50,50,B3,Regular,152.0,R91
1179689.0,0,1.01,D,7,19,39,72,B2,Diesel,1152.0,R11
1179690.0,0,1.34,F,7,1,53,72,B1,Diesel,27000.0,R11
1179691.0,0,1.46,C,7,14,29,57,B5,Regular,155.0,R31
1179694.0,0,1.34,A,5,4,37,50,B4,Diesel,26.0,R24
1179696.0,0,1.07,D,8,14,33,64,B1,Diesel,933.0,R11
1179697.0,0,1.37,D,4,0,53,50,B6,Regular,631.0,R93
1179698.0,0,1.41,C,5,2,28,68,B2,Diesel,190.0,R93
1180336.0,0,1.01,C,5,15,44,50,B2,Diesel,374.0,R93
1180398.0,0,1.07,D,9,10,49,50,B11,Regular,1468.0,R93
1180513.0,0,1.05,E,8,0,43,50,B2,Diesel,3233.0,R82
1180616.0,0,1.04,E,5,10,71,50,B2,Regular,6736.0,R11
1180625.0,0,1.01,C,6,6,49,50,B3,Regular,345.0,R93
1180721.0,0,1.02,C,6,10,40,57,B1,Regular,373.0,R91
1180723.0,0,1.01,E,5,1,33,50,B5,Regular,3301.0,R73
1180765.0,0,1.03,C,6,11,40,50,B12,Regular,376.0,R93
1180823.0,0,1.02,E,6,7,65,50,B1,Diesel,3963.0,R91
1180833.0,0,1.02,E,6,8,51,50,B2,Regular,3963.0,R91
1180883.0,0,1.08,D,8,4,38,50,B4,Regular,539.0,R31
1180910.0,0,1.02,D,4,9,55,64,B1,Diesel,1326.0,R93
1180918.0,1,1.02,D,5,12,51,95,B2,Diesel,1326.0,R93
1180951.0,0,1.06,D,7,16,35,95,B1,Regular,600.0,R82
1180987.0,0,1.01,D,4,17,78,50,B2,Regular,1445.0,R72
1181077.0,0,1.04,E,7,7,43,50,B2,Regular,3233.0,R82
1181175.0,0,1.01,C,5,10,51,54,B1,Diesel,300.0,R91
1181205.0,0,1.01,E,6,5,61,60,B3,Regular,3963.0,R91
1181211.0,0,1.01,C,5,16,41,50,B1,Regular,279.0,R91
1181229.0,0,1.07,E,6,7,60,50,B2,Diesel,4128.0,R52
1181266.0,0,1.01,D,13,0,51,50,B13,Regular,747.0,R53
1181270.0,0,1.06,E,6,10,63,50,B1,Diesel,6736.0,R11
1181303.0,0,1.03,B,5,14,36,50,B2,Regular,66.0,R93
1181340.0,0,1.02,E,5,1,62,55,B2,Regular,2163.0,R52
1181365.0,0,1.08,C,6,9,47,50,B2,Diesel,221.0,R11
1181382.0,0,1.01,B,4,14,43,50,B2,Regular,65.0,R93
1181383.0,0,1.01,E,7,4,39,50,B2,Diesel,3317.0,R93
1181457.0,0,1.01,E,5,3,37,68,B3,Regular,4456.0,R72
1181521.0,0,1.03,C,10,13,64,54,B10,Regular,111.0,R26
1181522.0,0,1.12,E,4,0,49,50,B1,Regular,2039.0,R31
1181530.0,0,1.15,E,6,3,34,50,B12,Regular,7259.0,R31
1181554.0,0,1.01,A,7,9,46,50,B2,Diesel,31.0,R91
1181555.0,0,1.02,C,4,5,27,76,B6,Regular,245.0,R93
1181558.0,0,1.13,B,8,5,37,50,B2,Diesel,65.0,R31
1181560.0,0,1.01,D,6,5,59,50,B6,Diesel,543.0,R91
1181579.0,0,1.08,E,10,17,46,50,B2,Diesel,3859.0,R82
1181580.0,0,1.2,C,4,9,63,50,B1,Regular,221.0,R91
1181623.0,0,1.01,C,13,26,41,50,B10,Regular,363.0,R91
1181641.0,0,1.01,E,7,12,58,50,B1,Regular,3963.0,R91
1181651.0,0,1.07,D,10,5,61,50,B1,Regular,824.0,R91
1181654.0,0,1.11,C,6,0,27,64,B3,Diesel,499.0,R93
1181684.0,0,1.05,D,8,7,55,50,B10,Diesel,1398.0,R24
1181692.0,0,1.02,C,6,14,37,50,B2,Diesel,164.0,R42
1181696.0,0,1.04,E,7,7,59,50,B1,Regular,3744.0,R93
1181703.0,0,1.01,E,7,14,77,50,B6,Regular,3301.0,R73
1181750.0,0,1.12,C,6,10,48,50,B1,Diesel,330.0,R93
1181777.0,0,1.14,D,7,5,58,50,B5,Regular,570.0,R93
1181825.0,0,1.01,D,4,17,78,50,B2,Regular,1445.0,R72
1181826.0,0,1.08,E,9,0,53,50,B2,Regular,6617.0,R11
1181827.0,0,1.14,C,5,10,27,72,B5,Diesel,242.0,R21
1181830.0,0,1.01,E,5,5,61,50,B2,Diesel,3963.0,R91
1181840.0,0,1.17,C,12,11,30,54,B10,Regular,252.0,R82
1181867.0,0,1.01,D,4,15,32,80,B1,Diesel,1287.0,R72
1181873.0,0,1.07,E,5,7,25,76,B1,Regular,2399.0,R24
1181883.0,1,1.15,E,7,19,31,85,B2,Regular,3866.0,R24
1181890.0,0,1.02,D,6,0,31,64,B2,Diesel,572.0,R31
1181914.0,0,1.06,E,6,10,39,50,B1,Diesel,2715.0,R93
1181924.0,0,1.01,D,6,11,47,50,B1,Regular,1131.0,R31
1181958.0,0,1.09,E,6,4,51,50,B1,Diesel,9307.0,R82
1182223.0,0,1.01,D,6,12,29,64,B1,Diesel,902.0,R31
1182275.0,0,1.03,D,6,10,37,50,B2,Diesel,663.0,R31
1182299.0,0,1.15,D,4,3,40,50,B1,Regular,675.0,R91
1182315.0,0,1.16,C,6,4,38,50,B3,Diesel,188.0,R31
1182327.0,0,1.02,C,4,13,30,57,B1,Diesel,269.0,R31
1182367.0,0,1.08,F,5,4,37,50,B3,Diesel,22669.0,R11
1182387.0,0,1.03,E,5,16,41,57,B2,Regular,4059.0,R23
1182392.0,0,1.03,D,7,17,29,72,B1,Regular,1326.0,R93
1182427.0,0,1.04,D,7,1,51,50,B1,Diesel,1381.0,R82
1182443.0,0,1.01,B,7,9,35,56,B5,Regular,66.0,R82
1182457.0,0,1.04,D,7,7,49,50,B1,Regular,645.0,R91
1182474.0,0,1.02,D,6,18,42,50,B1,Regular,1604.0,R52
1182485.0,0,1.18,C,7,12,61,50,B1,Regular,310.0,R93
1182527.0,0,1.15,D,6,6,46,50,B2,Diesel,528.0,R24
1182576.0,0,1.02,E,5,1,63,55,B2,Regular,2120.0,R73
1182585.0,0,1.03,E,4,14,37,54,B2,Regular,2983.0,R31
1182607.0,0,1.01,E,8,12,28,72,B2,Regular,3866.0,R24
1182674.0,0,1.01,C,7,6,46,50,B1,Diesel,199.0,R31
1182693.0,0,1.02,E,6,12,19,100,B1,Diesel,4496.0,R11
1182723.0,0,1.02,A,9,13,57,50,B2,Regular,39.0,R93
1182731.0,0,1.09,D,6,13,66,50,B2,Diesel,1622.0,R91
1182769.0,0,1.01,E,13,16,30,76,B1,Diesel,6736.0,R11
1182772.0,0,1.02,A,7,20,28,50,B1,Regular,41.0,R82
1182809.0,0,1.13,C,7,4,61,50,B1,Regular,269.0,R91
1182833.0,0,1.02,D,7,18,70,50,B2,Regular,562.0,R54
1182838.0,0,1.03,D,9,26,34,53,B10,Diesel,859.0,R82
1182848.0,0,1.01,D,11,9,28,61,B3,Regular,542.0,R82
1182859.0,0,1.03,E,4,5,37,50,B6,Regular,3301.0,R73
1182922.0,0,1.08,E,5,11,29,72,B2,Diesel,3708.0,R26
1182928.0,0,1.02,E,4,14,31,72,B1,Regular,6313.0,R11
1182952.0,0,1.04,A,7,8,36,50,B2,Regular,38.0,R73
1182986.0,0,1.01,D,7,9,33,76,B2,Regular,864.0,R31
1182991.0,0,1.02,E,10,11,70,64,B12,Diesel,3963.0,R91
1182998.0,0,1.01,D,6,21,56,50,B6,Regular,516.0,R91
1182999.0,0,1.02,C,10,13,32,64,B12,Diesel,393.0,R91
1183001.0,0,1.16,D,7,7,44,50,B2,Diesel,776.0,R93
1183003.0,0,1.09,A,5,2,37,50,B6,Regular,47.0,R82
1183008.0,0,1.22,E,7,18,35,72,B2,Regular,2983.0,R31
1183024.0,0,1.06,E,5,1,61,50,B2,Regular,3744.0,R93
1183039.0,0,1.04,D,7,13,34,58,B2,Regular,710.0,R82
1183050.0,0,1.04,C,4,12,36,51,B1,Regular,256.0,R82
1183061.0,0,1.15,E,14,0,61,50,B6,Regular,2472.0,R82
1183071.0,0,1.08,D,7,17,49,50,B2,Regular,1541.0,R91
1183363.0,0,1.04,D,6,6,63,68,B1,Diesel,631.0,R93
1183367.0,0,1.04,E,9,13,29,76,B5,Regular,3021.0,R53
1183394.0,0,1.16,C,5,15,29,57,B1,Diesel,137.0,R82
1183413.0,0,1.06,C,6,11,60,50,B5,Diesel,327.0,R91
1183459.0,0,1.04,D,7,0,55,50,B3,Diesel,1871.0,R82
1183460.0,0,1.06,C,7,6,49,50,B1,Regular,185.0,R93
1183478.0,0,1.04,C,9,4,58,50,B11,Regular,306.0,R82
1183501.0,0,1.01,A,6,3,29,72,B2,Regular,34.0,R52
1183506.0,1,1.03,E,6,5,28,60,B2,Diesel,5460.0,R11
1183555.0,0,1.01,C,6,2,48,50,B2,Regular,121.0,R24
1183561.0,0,1.01,E,4,12,36,54,B1,Regular,4116.0,R24
1183565.0,0,1.04,D,4,15,47,50,B1,Regular,1027.0,R24
1183576.0,0,1.08,C,7,30,30,64,B3,Regular,101.0,R82
1183577.0,0,1.13,D,5,0,56,76,B3,Regular,674.0,R23
1183578.0,0,1.05,C,6,11,55,60,B2,Diesel,384.0,R73
1183582.0,1,1.03,D,9,26,34,50,B10,Diesel,859.0,R82
1183593.0,0,1.02,D,4,10,51,50,B14,Regular,819.0,R31
1183608.0,0,1.01,E,8,18,41,54,B1,Diesel,5460.0,R11
1183631.0,0,1.02,E,9,14,51,50,B12,Diesel,3963.0,R91
1183649.0,0,1.05,C,6,5,55,55,B2,Diesel,384.0,R73
1183654.0,0,1.01,E,7,5,34,85,B2,Regular,3963.0,R91
1183662.0,0,1.04,E,6,9,51,60,B1,Regular,5628.0,R11
1183680.0,0,1.23,E,6,10,37,50,B6,Regular,4423.0,R11
1183706.0,0,1.03,C,7,13,48,60,B1,Regular,171.0,R91
1183709.0,0,1.01,E,4,2,28,72,B1,Regular,3744.0,R93
1183750.0,0,1.02,C,8,1,70,50,B10,Diesel,144.0,R93
1183784.0,0,1.01,A,9,0,60,50,B2,Regular,27.0,R24
1183804.0,0,1.26,D,7,10,52,50,B2,Regular,1326.0,R93
1183805.0,0,1.09,D,10,8,39,68,B2,Diesel,1326.0,R93
1183827.0,0,1.03,C,10,10,36,57,B12,Regular,200.0,R42
1183848.0,0,1.02,E,13,10,33,68,B11,Regular,4972.0,R42
1183850.0,0,1.04,C,9,14,38,51,B1,Regular,251.0,R42
1183853.0,0,1.01,E,7,0,48,50,B11,Diesel,2227.0,R31
1183855.0,0,1.16,B,6,2,52,50,B2,Diesel,57.0,R25
1183885.0,0,1.01,D,9,10,58,50,B10,Regular,784.0,R11
1183900.0,0,1.16,C,5,13,74,50,B12,Regular,141.0,R22
1183902.0,0,1.06,C,7,0,36,52,B5,Regular,251.0,R93
1183933.0,0,1.03,E,5,0,42,50,B2,Diesel,9307.0,R82
1183940.0,0,1.01,D,7,13,51,76,B1,Regular,1326.0,R93
1183962.0,0,1.03,C,7,24,36,100,B12,Regular,251.0,R93
1183984.0,0,1.01,C,4,6,52,50,B2,Regular,426.0,R91
1183987.0,0,1.02,C,11,8,45,50,B1,Diesel,383.0,R93
1183997.0,0,1.01,A,5,15,58,50,B1,Diesel,9.0,R93
1183999.0,0,1.01,D,4,10,34,57,B1,Regular,596.0,R82
1184015.0,0,1.01,E,4,18,48,50,B1,Regular,4116.0,R24
1184031.0,0,1.01,C,12,10,36,50,B10,Regular,383.0,R93
1184049.0,0,1.02,E,6,7,37,76,B1,Diesel,2105.0,R82
1184062.0,0,1.02,C,6,6,31,56,B1,Regular,138.0,R91
1184099.0,0,1.02,D,4,17,40,60,B1,Regular,824.0,R91
1184102.0,0,1.01,C,11,13,55,55,B1,Regular,343.0,R93
1184124.0,0,1.02,D,9,17,52,50,B1,Regular,1812.0,R11
1184132.0,0,1.01,C,5,16,51,72,B2,Diesel,323.0,R91
1184142.0,0,1.18,D,5,1,26,80,B2,Regular,1326.0,R93
1184156.0,0,1.01,D,7,16,40,50,B2,Regular,1326.0,R93
1184160.0,0,1.02,E,7,32,29,64,B3,Regular,8455.0,R82
1184190.0,0,1.01,D,6,13,29,72,B10,Diesel,1451.0,R31
1184197.0,0,1.01,D,5,0,48,50,B2,Diesel,966.0,R31
1184205.0,0,1.11,D,7,0,49,58,B4,Diesel,1403.0,R93
1184206.0,0,1.01,C,11,10,28,54,B1,Regular,269.0,R91
1184218.0,0,1.03,E,6,1,65,50,B6,Diesel,3430.0,R93
1184226.0,0,1.13,D,6,1,27,85,B3,Diesel,1450.0,R26
1184234.0,0,1.01,A,11,15,39,50,B3,Regular,45.0,R82
1184278.0,0,1.08,E,5,11,59,50,B1,Regular,2472.0,R82
1184285.0,0,1.02,E,6,11,44,50,B1,Diesel,3866.0,R24
1184302.0,0,1.1,E,6,12,43,50,B5,Regular,3657.0,R82
1184303.0,0,1.01,D,6,5,50,50,B2,Diesel,1326.0,R93
1184304.0,0,1.09,D,4,14,49,50,B1,Regular,1445.0,R72
1184309.0,0,1.11,E,9,14,43,54,B1,Regular,3317.0,R93
1184311.0,0,1.18,C,7,0,67,60,B3,Diesel,458.0,R93
1184320.0,0,1.04,C,5,16,53,50,B2,Diesel,169.0,R72
1184326.0,0,1.04,E,7,15,41,64,B5,Diesel,6157.0,R31
1184331.0,0,1.01,C,6,6,64,50,B1,Diesel,254.0,R72
1184396.0,0,1.01,E,6,15,50,51,B2,Diesel,4436.0,R25
1184400.0,0,1.41,C,9,10,32,57,B1,Regular,120.0,R25
1184402.0,0,1.01,B,7,21,45,50,B1,Diesel,85.0,R93
1184409.0,0,1.3,C,7,10,30,54,B2,Diesel,377.0,R93
1184413.0,0,1.01,C,5,4,66,50,B5,Diesel,426.0,R91
1184416.0,0,1.01,D,14,12,47,50,B11,Regular,1326.0,R93
1184426.0,0,1.03,C,4,22,57,50,B1,Regular,413.0,R72
1184446.0,0,1.03,B,5,13,60,50,B2,Regular,78.0,R43
1184447.0,0,1.03,D,6,3,56,50,B1,Diesel,1719.0,R82
1184450.0,0,1.03,E,8,10,70,67,B1,Regular,4059.0,R23
1184462.0,0,1.03,C,9,15,25,68,B2,Regular,465.0,R82
1184505.0,0,1.01,B,7,7,62,50,B5,Regular,94.0,R24
1184506.0,0,1.02,D,5,2,42,65,B2,Diesel,962.0,R31
1184530.0,0,1.06,D,5,4,57,50,B4,Diesel,612.0,R73
1184536.0,0,1.14,C,9,1,73,50,B1,Regular,458.0,R93
1184891.0,0,1.01,F,14,9,77,50,B11,Regular,27000.0,R11
1184898.0,0,1.02,E,7,1,29,85,B2,Regular,4128.0,R52
1184899.0,0,1.01,D,4,15,42,50,B1,Regular,1488.0,R82
1184921.0,0,1.01,D,10,15,43,125,B5,Regular,1719.0,R82
1184933.0,0,1.06,B,6,5,61,50,B2,Regular,56.0,R82
1184960.0,0,1.04,C,6,22,77,50,B2,Regular,217.0,R73
1184961.0,0,1.03,D,6,0,39,50,B3,Diesel,1064.0,R24
1184963.0,0,1.03,A,10,20,77,50,B10,Diesel,44.0,R73
1184964.0,0,1.01,C,4,12,43,50,B2,Regular,119.0,R91
1184965.0,1,1.01,E,6,3,72,50,B12,Regular,3301.0,R73
1184967.0,0,1.03,C,7,11,56,50,B5,Diesel,256.0,R73
1184968.0,0,1.01,E,5,5,29,72,B6,Regular,3317.0,R93
1184974.0,0,1.02,E,4,7,82,50,B2,Regular,3301.0,R73
1184979.0,0,1.01,E,4,8,55,50,B6,Regular,3317.0,R93
1184988.0,0,1.01,A,7,0,47,50,B2,Diesel,16.0,R73
1184989.0,0,1.01,D,5,2,32,50,B2,Diesel,688.0,R93
1184993.0,0,1.05,C,6,0,55,50,B13,Diesel,430.0,R82
1185007.0,0,1.05,D,9,13,44,50,B1,Regular,1730.0,R11
1185073.0,0,1.01,E,4,19,33,50,B1,Regular,3017.0,R31
1185093.0,0,1.02,D,5,2,37,60,B3,Regular,677.0,R31
1185116.0,0,1.01,A,7,16,51,80,B11,Regular,50.0,R91
1185124.0,0,1.01,F,5,10,32,95,B2,Diesel,12650.0,R11
1185125.0,0,1.01,C,7,0,28,68,B4,Diesel,377.0,R93
1185145.0,0,1.11,E,10,13,53,50,B2,Diesel,2715.0,R24
1185159.0,0,1.01,D,4,6,29,76,B11,Diesel,677.0,R31
1185170.0,0,1.01,D,7,0,37,50,B1,Diesel,1154.0,R31
1185175.0,0,1.02,E,6,10,42,77,B2,Diesel,7306.0,R11
1185194.0,0,1.02,C,7,0,36,54,B1,Diesel,212.0,R93
1185295.0,0,1.01,C,13,13,38,50,B1,Diesel,283.0,R72
1185309.0,0,1.38,E,10,15,37,50,B5,Diesel,2041.0,R93
1185310.0,0,1.03,D,4,2,74,50,B2,Regular,1045.0,R73
1185320.0,0,1.09,D,7,6,70,50,B6,Diesel,1687.0,R93
1185351.0,1,1.23,E,9,10,37,64,B3,Regular,8880.0,R11
1185354.0,0,1.13,E,5,10,28,100,B2,Diesel,3317.0,R93
1185358.0,0,1.29,B,7,16,52,50,B3,Regular,52.0,R91
1185381.0,0,1.05,D,6,6,60,50,B2,Diesel,1398.0,R24
1185459.0,0,1.17,E,5,1,44,50,B5,Regular,3374.0,R42
1185497.0,0,1.02,A,7,0,52,64,B1,Diesel,13.0,R73
1185503.0,0,1.01,D,4,18,27,85,B2,Regular,1002.0,R82
1185534.0,0,1.01,E,6,8,29,57,B2,Diesel,2983.0,R31
1185547.0,0,1.09,D,5,0,48,50,B2,Diesel,1565.0,R31
1185566.0,0,1.02,A,12,14,36,95,B10,Regular,50.0,R82
1185582.0,0,1.01,C,12,15,39,50,B3,Regular,110.0,R23
1185584.0,0,1.02,C,4,11,35,72,B2,Regular,155.0,R31
1185601.0,0,1.2,C,7,0,33,68,B1,Regular,426.0,R91
1185607.0,0,1.22,D,7,12,44,50,B11,Regular,824.0,R91
1185616.0,1,1.11,E,4,0,57,51,B1,Regular,2020.0,R23
1185620.0,0,1.09,F,12,13,60,80,B11,Regular,27000.0,R11
1185625.0,1,1.23,D,7,8,27,64,B3,Regular,928.0,R31
1185631.0,0,1.06,C,9,9,35,68,B2,Regular,103.0,R26
1185632.0,0,1.02,C,6,14,54,50,B2,Diesel,399.0,R24
1185672.0,0,1.03,A,7,10,28,80,B2,Diesel,18.0,R91
1185674.0,0,1.08,E,7,4,36,59,B2,Regular,3317.0,R93
1185701.0,0,1.01,C,8,11,49,50,B6,Diesel,164.0,R31
1185705.0,0,1.02,D,9,12,69,50,B12,Regular,1622.0,R91
1185721.0,0,1.04,D,5,0,46,50,B5,Regular,1408.0,R73
1185722.0,0,1.01,D,4,10,32,57,B1,Regular,596.0,R82
1185732.0,0,1.03,E,7,0,70,50,B12,Diesel,9307.0,R82
1185751.0,0,1.34,A,10,14,40,50,B12,Diesel,14.0,R52
1185765.0,0,1.06,D,6,17,34,51,B3,Diesel,528.0,R93
1185767.0,0,1.01,D,5,6,52,50,B5,Diesel,1381.0,R82
1185770.0,0,1.02,C,6,0,42,50,B2,Regular,480.0,R82
1185773.0,0,1.38,D,6,0,42,50,B1,Diesel,873.0,R11
1185804.0,0,1.02,C,11,9,65,50,B10,Regular,171.0,R93
1185819.0,0,1.08,E,7,15,61,65,B2,Regular,5460.0,R11
1185820.0,0,1.14,D,9,0,43,58,B2,Regular,1812.0,R11
1185833.0,0,1.07,D,6,14,36,54,B1,Regular,1328.0,R82
1185840.0,0,1.03,D,4,9,56,50,B2,Regular,675.0,R91
1185843.0,0,1.03,C,5,8,40,50,B5,Diesel,189.0,R91
1185861.0,0,1.03,D,6,3,56,50,B3,Diesel,1229.0,R93
1185866.0,0,1.03,C,10,7,33,54,B12,Regular,290.0,R91
1185885.0,0,1.23,D,6,9,50,50,B2,Diesel,694.0,R31
1185887.0,0,1.12,D,8,13,52,50,B10,Diesel,1326.0,R93
1185898.0,0,1.01,D,11,25,67,50,B1,Diesel,769.0,R82
1185902.0,0,1.01,B,6,9,34,57,B13,Regular,87.0,R22
1185904.0,0,1.01,C,13,7,30,54,B11,Regular,307.0,R93
1185953.0,0,1.01,B,5,2,43,50,B1,Diesel,85.0,R93
1185972.0,1,1.01,C,6,11,37,54,B1,Diesel,141.0,R82
1185973.0,0,1.01,E,8,11,55,50,B1,Regular,4059.0,R23
1185979.0,0,1.25,B,6,12,48,50,B2,Diesel,88.0,R25
1185985.0,0,1.17,C,5,1,44,50,B5,Regular,302.0,R42
1186010.0,0,1.02,D,10,5,53,50,B1,Regular,1332.0,R24
1186031.0,0,1.01,C,8,20,46,50,B2,Diesel,244.0,R93
1186039.0,0,1.01,A,7,12,37,60,B2,Regular,13.0,R93
1186050.0,0,1.07,D,8,7,38,58,B1,Diesel,1347.0,R11
1186061.0,0,1.04,E,7,8,64,50,B1,Diesel,3688.0,R82
1186062.0,0,1.05,C,6,3,31,60,B1,Diesel,211.0,R72
1186900.0,0,1.01,C,6,2,21,90,B12,Regular,233.0,R93
1186961.0,0,1.04,C,7,12,74,65,B2,Regular,428.0,R73
1186976.0,0,1.01,A,7,1,43,50,B11,Diesel,6.0,R26
1187041.0,1,1.05,C,6,11,53,50,B1,Diesel,476.0,R93
1187060.0,0,1.01,A,11,25,50,50,B1,Diesel,15.0,R26
1187071.0,0,1.03,D,6,0,39,50,B3,Diesel,1064.0,R24
1187074.0,0,1.09,C,7,0,52,50,B4,Diesel,332.0,R31
1187078.0,0,1.43,C,7,0,38,50,B1,Diesel,108.0,R52
1187085.0,0,1.04,D,5,17,36,57,B1,Regular,1154.0,R31
1187089.0,0,1.02,C,6,2,66,50,B4,Diesel,169.0,R31
1187105.0,1,1.01,C,6,4,28,100,B2,Regular,146.0,R73
1187109.0,0,1.02,D,6,10,40,50,B1,Diesel,821.0,R24
1187115.0,0,1.02,D,9,12,69,50,B12,Regular,1622.0,R91
1187133.0,0,1.02,D,8,19,43,50,B2,Diesel,1329.0,R11
1187247.0,1,1.02,E,9,9,60,50,B3,Regular,4423.0,R11
1187268.0,0,1.16,C,5,13,74,50,B12,Regular,141.0,R22
1187276.0,0,1.01,F,8,14,41,66,B5,Diesel,10156.0,R11
1187289.0,0,1.03,C,6,13,61,72,B1,Regular,105.0,R73
1187316.0,0,1.01,D,4,9,55,50,B2,Regular,824.0,R91
1187319.0,0,1.01,C,6,19,41,50,B12,Regular,205.0,R54
1187323.0,0,1.04,E,8,10,40,60,B14,Diesel,3317.0,R93
1187329.0,0,1.01,C,6,9,23,90,B1,Diesel,115.0,R91
1187353.0,0,1.02,D,5,10,37,50,B3,Regular,539.0,R31
1187367.0,0,1.25,D,6,2,36,50,B1,Diesel,1765.0,R31
1187380.0,0,1.01,C,5,9,27,68,B5,Diesel,290.0,R91
1187385.0,0,1.02,D,4,12,33,54,B6,Regular,674.0,R93
1187402.0,0,1.04,D,5,4,56,76,B2,Regular,614.0,R93
1187430.0,0,1.01,E,6,13,45,68,B1,Diesel,3317.0,R93
1187436.0,0,1.02,C,11,19,38,50,B11,Regular,127.0,R72
1187454.0,0,1.09,E,7,1,49,50,B12,Regular,3866.0,R24
1187492.0,0,1.01,C,6,1,39,65,B12,Regular,221.0,R91
1187497.0,0,1.09,C,4,12,45,50,B1,Regular,110.0,R93
1187519.0,0,1.12,E,11,4,25,95,B2,Regular,2258.0,R25
1187525.0,0,1.02,C,9,14,37,51,B13,Regular,393.0,R91
1187532.0,0,1.08,E,5,1,27,68,B1,Diesel,6736.0,R11
1187543.0,0,1.02,C,6,13,36,90,B1,Regular,147.0,R91
1187940.0,0,1.01,F,13,16,51,50,B10,Diesel,27000.0,R11
1187941.0,0,1.01,C,9,27,80,60,B10,Diesel,288.0,R72
1187976.0,0,1.04,D,6,8,46,50,B2,Diesel,528.0,R24
1188002.0,0,1.02,E,6,15,37,50,B1,Diesel,3317.0,R93
1188006.0,0,1.01,E,7,8,26,68,B5,Regular,9307.0,R82
1188012.0,0,1.01,E,8,13,47,54,B4,Regular,2648.0,R31
1188049.0,0,1.02,D,6,18,34,60,B2,Regular,776.0,R93
1188052.0,0,1.06,C,5,8,50,61,B3,Diesel,129.0,R91
1188059.0,0,1.09,D,9,2,30,60,B3,Diesel,1426.0,R82
1188064.0,0,1.09,D,4,0,65,50,B2,Regular,856.0,R82
1188069.0,0,1.01,E,7,11,32,54,B2,Regular,2120.0,R73
1188109.0,0,1.11,D,7,15,58,50,B1,Regular,1468.0,R93
1188135.0,0,1.01,D,6,2,59,50,B3,Regular,821.0,R24
1188174.0,0,1.32,D,6,7,51,106,B2,Diesel,1871.0,R82
1188199.0,0,1.37,D,8,6,37,72,B13,Diesel,1005.0,R93
1188223.0,0,1.03,E,7,0,70,50,B12,Diesel,9307.0,R82
1188241.0,0,1.14,D,9,0,43,50,B2,Regular,1812.0,R11
1188255.0,0,1.12,B,7,4,36,66,B2,Regular,70.0,R91
1188271.0,0,1.22,D,4,19,53,50,B6,Regular,1154.0,R83
1188287.0,0,1.03,E,11,0,49,50,B11,Diesel,2983.0,R31
1188303.0,0,1.23,D,6,9,50,50,B2,Diesel,694.0,R31
1188326.0,0,1.01,E,9,0,37,60,B2,Regular,4762.0,R93
1188332.0,0,1.41,E,5,12,30,62,B3,Regular,2859.0,R11
1188409.0,0,1.03,E,7,7,73,50,B2,Regular,3301.0,R73
1188411.0,0,1.03,B,8,13,40,50,B10,Diesel,87.0,R73
1188412.0,0,1.01,D,5,14,83,50,B2,Regular,723.0,R73
1188413.0,0,1.01,C,6,9,76,50,B2,Regular,226.0,R73
1188441.0,0,1.02,C,8,14,59,50,B1,Regular,178.0,R82
1188448.0,0,1.09,C,4,9,33,80,B2,Diesel,168.0,R24
1188661.0,0,1.01,E,6,8,29,54,B2,Diesel,2983.0,R31
1188668.0,0,1.15,D,5,6,56,50,B6,Diesel,716.0,R93
1188675.0,0,1.02,E,4,12,37,50,B6,Regular,3744.0,R93
1188726.0,1,1.02,C,4,12,30,90,B6,Regular,188.0,R91
1188728.0,0,1.07,C,8,0,45,50,B2,Diesel,265.0,R31
1188729.0,0,1.03,A,5,16,39,90,B1,Diesel,30.0,R72
1188745.0,0,1.02,B,7,5,51,50,B10,Diesel,56.0,R73
1188747.0,1,1.03,A,8,14,66,72,B2,Regular,8.0,R91
1188760.0,0,1.06,D,6,17,34,51,B3,Diesel,528.0,R93
1188789.0,0,1.02,C,4,27,62,50,B1,Regular,147.0,R83
1188792.0,0,1.01,A,4,18,51,50,B1,Regular,30.0,R24
1188795.0,0,1.01,E,13,13,36,74,B11,Regular,3021.0,R53
1188808.0,0,1.02,D,6,5,35,80,B1,Regular,612.0,R25
1188817.0,0,1.05,A,6,0,50,50,B5,Diesel,44.0,R72
1188822.0,0,1.06,E,6,3,32,85,B1,Diesel,2178.0,R11
1188829.0,0,1.03,E,9,15,56,55,B14,Diesel,8880.0,R11
1188830.0,0,1.01,E,4,15,57,50,B6,Regular,3317.0,R93
1188834.0,0,1.02,E,4,14,38,51,B1,Diesel,3317.0,R93
1188840.0,0,1.01,E,6,4,50,58,B1,Diesel,3317.0,R93
1188852.0,0,1.06,C,6,0,47,52,B1,Diesel,200.0,R11
1188870.0,0,1.12,C,4,5,52,50,B2,Regular,388.0,R93
1189389.0,0,1.03,E,9,16,35,50,B13,Diesel,3317.0,R93
1189390.0,0,1.01,C,5,0,35,50,B2,Diesel,343.0,R93
1189401.0,0,1.07,C,7,0,56,55,B2,Regular,179.0,R52
1189415.0,0,1.01,E,6,9,28,80,B1,Regular,9307.0,R82
1189437.0,0,1.03,A,12,1,71,60,B10,Diesel,13.0,R72
1189438.0,0,1.03,A,7,3,71,60,B10,Diesel,13.0,R72
1189450.0,0,1.02,E,4,0,51,50,B5,Regular,3963.0,R91
1189458.0,0,1.11,A,6,7,43,52,B2,Diesel,7.0,R91
1189483.0,0,1.02,C,6,28,29,60,B14,Regular,102.0,R54
1189493.0,0,1.02,E,5,7,32,75,B3,Diesel,8455.0,R82
1189499.0,0,1.01,D,5,0,34,60,B1,Regular,1045.0,R73
1189502.0,0,1.02,D,6,1,43,55,B6,Diesel,987.0,R93
1189514.0,0,1.01,E,7,20,40,60,B1,Diesel,3317.0,R93
1189519.0,0,1.01,A,8,16,35,51,B1,Regular,50.0,R91
1189523.0,0,1.03,D,11,20,40,57,B11,Regular,1119.0,R82
1189560.0,0,1.03,E,8,1,44,50,B12,Regular,4172.0,R82
1189600.0,0,1.01,E,9,13,38,52,B3,Regular,5460.0,R11
1189827.0,0,1.11,C,8,3,47,50,B13,Diesel,451.0,R52
1189853.0,0,1.13,A,7,11,39,50,B2,Diesel,22.0,R82
1189880.0,0,1.01,E,5,2,55,50,B5,Regular,2906.0,R72
1189886.0,0,1.01,A,10,14,55,50,B5,Diesel,47.0,R54
1189889.0,0,1.01,E,8,19,41,50,B3,Diesel,4456.0,R72
1189912.0,0,1.03,E,11,8,74,50,B1,Regular,2681.0,R23
1189936.0,0,1.04,C,6,6,36,60,B3,Diesel,152.0,R91
1189945.0,0,1.1,C,5,1,51,90,B2,Regular,269.0,R91
1189952.0,0,1.02,E,10,9,52,50,B6,Regular,2472.0,R82
1189963.0,0,1.01,E,8,5,45,50,B1,Diesel,4762.0,R93
1189967.0,0,1.2,B,11,31,30,60,B2,Regular,55.0,R52
1189986.0,0,1.01,E,5,14,29,76,B4,Regular,3317.0,R93
1190020.0,0,1.01,D,6,16,35,50,B2,Regular,539.0,R31
1190050.0,0,1.06,C,6,0,47,50,B1,Diesel,200.0,R11
1190059.0,0,1.03,C,7,10,41,67,B1,Regular,332.0,R82
1190072.0,0,1.45,B,5,3,61,50,B1,Diesel,60.0,R93
1190076.0,0,1.01,C,6,9,23,85,B1,Diesel,115.0,R91
1190081.0,0,1.16,C,5,0,57,50,B2,Diesel,483.0,R91
1190085.0,0,1.03,E,11,0,49,50,B11,Diesel,2983.0,R31
1190121.0,0,1.01,C,12,4,50,50,B1,Regular,250.0,R82
1190136.0,0,1.16,E,6,8,39,50,B2,Diesel,3317.0,R93
1190141.0,0,1.1,F,7,21,39,95,B1,Regular,10008.0,R11
1190152.0,0,1.01,C,5,12,43,50,B2,Diesel,135.0,R26
1190159.0,0,1.01,E,7,7,32,100,B2,Regular,3317.0,R93
1190165.0,0,1.01,C,8,12,52,50,B1,Diesel,100.0,R82
1190170.0,0,1.26,D,5,0,28,57,B2,Diesel,1011.0,R74
1190199.0,0,1.03,C,4,13,31,68,B3,Diesel,290.0,R91
1190219.0,0,1.1,C,4,1,55,50,B2,Regular,472.0,R91
1191165.0,0,1.03,C,7,15,43,57,B2,Diesel,383.0,R93
1191176.0,0,1.02,A,7,14,56,55,B2,Diesel,14.0,R72
1191198.0,0,1.16,B,7,0,30,57,B3,Diesel,64.0,R93
1191232.0,0,1.03,C,5,2,33,54,B1,Diesel,426.0,R91
1191267.0,0,1.02,A,10,3,30,54,B12,Diesel,47.0,R73
1191278.0,0,1.01,B,6,3,41,50,B10,Regular,70.0,R91
1191321.0,0,1.03,A,9,0,77,50,B2,Regular,16.0,R73
1191339.0,0,1.12,C,4,5,52,50,B2,Regular,388.0,R93
1191361.0,0,1.03,A,8,15,53,80,B1,Regular,9.0,R26
1191364.0,0,1.02,B,4,1,63,50,B2,Diesel,71.0,R73
1191366.0,0,1.01,E,4,15,53,50,B2,Regular,3317.0,R93
1191383.0,0,1.11,C,7,6,30,56,B2,Diesel,204.0,R91
1191401.0,1,1.01,E,10,13,38,50,B10,Diesel,3317.0,R93
1191413.0,0,1.01,B,4,25,61,50,B1,Regular,83.0,R24
1191416.0,0,1.04,F,6,12,55,50,B1,Diesel,27000.0,R11
1191422.0,0,1.01,C,5,0,35,50,B2,Diesel,343.0,R93
1191432.0,0,1.01,E,5,0,44,50,B3,Regular,2365.0,R31
1191444.0,0,1.03,C,9,12,48,80,B10,Regular,158.0,R83
1191469.0,0,1.21,C,5,3,29,72,B3,Diesel,225.0,R91
1191474.0,0,1.03,F,4,11,28,100,B1,Regular,27000.0,R11
1191483.0,0,1.01,C,4,16,25,80,B14,Regular,443.0,R73
1191491.0,0,1.01,E,9,12,32,51,B2,Regular,9096.0,R11
1191515.0,0,1.03,C,5,3,59,50,B2,Regular,443.0,R73
1191516.0,0,1.46,C,9,15,41,50,B1,Regular,199.0,R82
1191520.0,0,1.02,D,10,5,53,50,B1,Regular,1332.0,R24
1191531.0,0,1.01,C,4,14,51,50,B1,Diesel,483.0,R91
1191538.0,0,1.03,A,7,6,43,90,B1,Diesel,43.0,R82
1191568.0,0,1.21,D,9,9,66,50,B1,Diesel,1767.0,R31
1191572.0,0,1.07,B,4,0,38,62,B1,Diesel,81.0,R91
1191586.0,0,1.04,D,7,2,50,50,B1,Diesel,766.0,R11
1191601.0,0,1.01,B,7,9,30,64,B10,Diesel,85.0,R82
1191609.0,0,1.01,A,7,12,41,50,B2,Regular,38.0,R93
1191616.0,0,1.03,E,7,9,45,54,B1,Regular,2715.0,R24
1191618.0,0,1.01,E,5,4,50,50,B3,Diesel,2699.0,R11
1191628.0,0,1.01,E,8,12,38,54,B1,Diesel,6736.0,R11
1191640.0,0,1.01,C,7,3,47,50,B2,Diesel,142.0,R91
1191955.0,0,1.01,C,9,10,45,50,B12,Regular,332.0,R82
1191958.0,0,1.02,B,9,12,60,50,B6,Regular,65.0,R93
1191971.0,0,1.03,B,9,10,42,50,B13,Regular,67.0,R26
1191974.0,0,1.04,D,4,9,29,100,B5,Regular,1451.0,R31
1191980.0,0,1.03,E,5,12,51,50,B1,Regular,3317.0,R93
1191985.0,0,1.07,C,14,0,34,72,B3,Regular,133.0,R91
1191997.0,0,1.04,B,5,7,44,50,B2,Diesel,56.0,R93
1192013.0,0,1.03,C,10,22,29,60,B10,Diesel,210.0,R91
1192016.0,0,1.06,C,5,0,70,50,B2,Diesel,483.0,R91
1192063.0,0,1.02,E,4,2,41,50,B4,Regular,2983.0,R31
1192076.0,0,1.46,A,6,7,42,57,B6,Diesel,27.0,R91
1192097.0,0,1.03,E,6,19,37,68,B3,Regular,3317.0,R93
1192098.0,0,1.02,D,4,1,41,63,B12,Regular,1005.0,R93
1192099.0,0,1.03,B,9,12,49,50,B3,Regular,73.0,R82
1192106.0,0,1.02,C,4,15,50,54,B2,Regular,104.0,R93
1192113.0,0,1.14,D,4,2,54,60,B6,Regular,1232.0,R93
1192115.0,0,1.18,C,8,4,53,62,B2,Diesel,171.0,R93
1192116.0,0,1.02,A,7,10,81,50,B2,Diesel,18.0,R26
1192144.0,0,1.01,C,5,10,45,50,B2,Diesel,114.0,R82
1192147.0,0,1.03,D,6,1,46,50,B12,Regular,1426.0,R82
1192151.0,0,1.03,A,7,3,45,50,B1,Diesel,26.0,R24
1192154.0,0,1.03,E,7,13,44,50,B1,Regular,3862.0,R31
1192159.0,0,1.05,D,12,11,55,50,B1,Regular,569.0,R31
1192175.0,0,1.03,C,5,1,41,50,B3,Diesel,106.0,R11
1192181.0,0,1.01,C,9,9,52,60,B4,Diesel,127.0,R73
1192188.0,0,1.2,C,12,14,48,52,B10,Regular,318.0,R93
1192196.0,0,1.1,E,7,8,37,50,B11,Diesel,7259.0,R31
1192205.0,0,1.17,D,11,24,40,50,B2,Regular,1326.0,R93
1192207.0,0,1.13,A,10,8,45,50,B11,Regular,48.0,R73
1192220.0,0,1.04,D,10,0,40,50,B12,Regular,824.0,R91
1192236.0,0,1.17,C,6,9,48,54,B1,Diesel,483.0,R91
1192237.0,0,1.03,B,7,10,73,50,B12,Regular,66.0,R93
1192239.0,0,1.01,C,7,5,50,50,B1,Diesel,444.0,R31
1192264.0,0,1.02,C,6,14,48,50,B2,Diesel,146.0,R91
1192267.0,0,1.02,C,6,14,48,58,B2,Diesel,146.0,R91
1192283.0,0,1.02,D,4,9,59,50,B6,Regular,824.0,R91
1192289.0,0,1.3,E,8,7,32,72,B2,Diesel,3708.0,R26
1192342.0,0,1.04,D,4,8,48,50,B1,Regular,740.0,R82
1192356.0,0,1.01,E,11,17,45,50,B13,Regular,3317.0,R93
1193147.0,0,1.02,C,5,6,18,100,B2,Regular,167.0,R93
1193156.0,0,1.02,D,8,10,31,89,B12,Regular,1313.0,R24
1193161.0,0,1.1,D,7,0,34,54,B6,Diesel,626.0,R93
1193178.0,0,1.04,B,4,15,50,50,B5,Diesel,68.0,R82
1193213.0,0,1.01,A,6,7,72,60,B2,Regular,20.0,R26
1193219.0,0,1.33,C,7,0,52,50,B3,Diesel,342.0,R93
1193252.0,0,1.01,E,7,7,42,77,B2,Diesel,9307.0,R82
1193254.0,0,1.01,B,8,0,61,50,B13,Diesel,66.0,R93
1193289.0,1,1.3,D,5,14,57,77,B2,Regular,738.0,R82
1193290.0,1,1.01,E,8,2,40,50,B11,Diesel,2120.0,R73
1193320.0,0,1.15,E,6,5,27,90,B3,Diesel,4059.0,R23
1193325.0,0,1.03,E,9,9,43,68,B3,Regular,3744.0,R93
1193349.0,0,1.01,D,8,15,42,50,B13,Regular,886.0,R54
1193385.0,0,1.08,C,5,4,40,50,B2,Regular,214.0,R91
1193416.0,0,1.01,D,7,13,34,60,B11,Regular,546.0,R82
1193418.0,0,1.01,D,10,15,38,80,B5,Diesel,1846.0,R72
1193420.0,0,1.03,C,5,3,59,50,B2,Regular,443.0,R73
1193497.0,0,1.01,E,8,9,55,50,B1,Diesel,4116.0,R24
1193502.0,0,1.03,A,7,13,53,50,B1,Regular,14.0,R24
1193528.0,0,1.08,C,9,2,66,50,B1,Regular,330.0,R21
1193568.0,0,1.02,B,4,14,31,51,B1,Regular,76.0,R91
1193576.0,0,1.07,E,5,2,46,50,B2,Diesel,4128.0,R52
1193590.0,0,1.04,C,4,12,51,50,B3,Diesel,115.0,R91
1193618.0,0,1.02,D,5,2,43,50,B5,Regular,824.0,R91
1193619.0,0,1.18,D,6,3,40,50,B2,Diesel,1497.0,R31
1193628.0,0,1.01,C,8,21,40,50,B1,Regular,144.0,R93
1193656.0,0,1.02,C,4,9,51,50,B2,Regular,197.0,R72
1193676.0,0,1.07,C,14,0,34,68,B3,Regular,133.0,R91
1193720.0,0,1.01,E,5,17,45,50,B6,Regular,3866.0,R24
1193726.0,0,1.02,A,7,3,71,50,B1,Regular,36.0,R72
1193736.0,0,1.27,C,7,8,71,50,B2,Regular,252.0,R22
1193739.0,0,1.24,A,6,6,45,75,B3,Regular,23.0,R72
1193756.0,0,1.03,E,4,12,40,50,B2,Regular,3862.0,R31
1194156.0,0,1.2,B,7,16,61,56,B2,Diesel,69.0,R91
1194191.0,0,1.11,C,5,7,58,50,B1,Regular,301.0,R93
1194210.0,0,1.03,C,8,14,50,50,B1,Diesel,217.0,R73
1194219.0,0,1.04,D,4,12,36,50,B1,Regular,1629.0,R93
1194227.0,0,1.21,E,6,0,36,50,B4,Regular,8455.0,R82
1194245.0,0,1.36,D,7,0,37,50,B1,Diesel,983.0,R52
1194251.0,0,1.03,C,9,14,50,50,B3,Regular,132.0,R24
1194266.0,0,1.03,C,5,9,51,79,B1,Diesel,483.0,R91
1194270.0,0,1.04,E,12,15,51,50,B10,Diesel,2415.0,R82
1194287.0,0,1.02,F,5,14,56,50,B1,Diesel,10156.0,R11
1194317.0,0,1.23,E,4,10,45,57,B2,Diesel,3963.0,R91
1194319.0,0,1.03,F,11,12,37,57,B13,Regular,15725.0,R11
1194321.0,0,1.03,C,6,12,49,50,B1,Diesel,293.0,R73
1194322.0,0,1.01,C,5,0,35,50,B2,Diesel,343.0,R93
1194324.0,0,1.02,B,4,4,49,50,B2,Regular,87.0,R73
1194326.0,0,1.01,E,9,8,36,50,B3,Regular,3301.0,R73
1194327.0,0,1.06,D,5,14,49,58,B1,Diesel,1084.0,R31
1194362.0,0,1.01,C,4,18,39,50,B1,Regular,111.0,R73
1194374.0,0,1.02,D,7,4,29,72,B6,Regular,960.0,R31
1194379.0,0,1.01,B,6,3,39,50,B12,Regular,55.0,R93
1194392.0,0,1.02,A,8,11,64,50,B13,Regular,11.0,R73
1194415.0,1,1.03,A,6,0,68,50,B1,Regular,46.0,R82
1194421.0,0,1.07,C,5,9,64,50,B2,Diesel,166.0,R73
1194490.0,0,1.15,B,5,11,61,56,B2,Regular,69.0,R91
1194546.0,0,1.15,C,6,14,58,57,B2,Regular,247.0,R93
1194562.0,0,1.01,C,15,0,44,50,B11,Regular,162.0,R93
1194580.0,0,1.01,D,9,11,31,64,B1,Regular,614.0,R24
1194600.0,0,1.09,E,10,5,31,68,B10,Regular,3708.0,R26
1194604.0,0,1.2,E,6,4,47,51,B1,Diesel,2715.0,R24
1194618.0,0,1.03,D,13,13,28,64,B13,Regular,710.0,R22
1194636.0,0,1.04,C,6,10,50,50,B1,Diesel,177.0,R93
1194643.0,0,1.21,C,7,6,47,50,B1,Diesel,135.0,R93
1194645.0,0,1.48,C,5,10,47,50,B2,Diesel,283.0,R31
1194646.0,0,1.17,D,7,8,61,85,B2,Regular,1101.0,R93
1194647.0,0,1.15,C,7,0,67,50,B1,Regular,167.0,R21
1194683.0,0,1.01,E,7,15,51,75,B6,Regular,3963.0,R91
1194686.0,0,1.13,D,4,14,44,50,B2,Regular,824.0,R91
1195432.0,0,1.01,D,11,7,51,74,B2,Regular,1451.0,R31
1195469.0,0,1.01,C,6,8,43,91,B1,Diesel,269.0,R91
1195484.0,0,1.01,C,11,3,30,68,B1,Diesel,411.0,R31
1195512.0,0,1.01,D,5,5,54,50,B3,Diesel,573.0,R82
1195555.0,0,1.03,C,6,18,33,64,B1,Regular,383.0,R93
1195561.0,0,1.08,C,5,9,27,53,B4,Regular,335.0,R91
1195562.0,0,1.01,D,15,7,74,50,B4,Regular,725.0,R42
1195590.0,0,1.25,E,4,2,67,50,B1,Regular,3744.0,R93
1195593.0,0,1.08,E,5,3,73,50,B1,Regular,2415.0,R82
1195596.0,0,1.01,E,7,15,65,50,B6,Regular,8561.0,R11
1195614.0,0,1.04,B,9,12,40,50,B3,Regular,97.0,R93
1195651.0,0,1.03,C,11,10,40,51,B13,Regular,291.0,R11
1195686.0,0,1.02,D,9,8,68,72,B2,Regular,1658.0,R22
1195688.0,0,1.04,D,5,14,41,50,B1,Regular,1095.0,R11
1195690.0,0,1.1,C,6,9,44,50,B1,Regular,202.0,R24
1195691.0,1,1.01,C,6,11,28,54,B2,Regular,269.0,R91
1195694.0,0,1.36,D,7,0,37,50,B1,Diesel,983.0,R52
1195712.0,0,1.02,E,5,10,42,69,B2,Diesel,7306.0,R11
1195716.0,0,1.11,C,7,0,39,59,B2,Regular,161.0,R82
1195721.0,0,1.01,E,5,14,50,50,B5,Diesel,5177.0,R11
1195722.0,2,1.01,E,4,10,50,50,B2,Regular,5177.0,R11
1195741.0,0,1.01,D,6,12,36,68,B12,Diesel,542.0,R82
1195744.0,0,1.01,C,6,0,39,50,B12,Regular,222.0,R82
1195751.0,0,1.03,C,7,4,36,64,B2,Diesel,122.0,R91
1195760.0,0,1.01,E,11,11,38,54,B2,Regular,6681.0,R11
1195764.0,0,1.43,E,7,3,35,80,B11,Diesel,8549.0,R82
1195792.0,0,1.01,C,8,19,30,50,B1,Diesel,318.0,R93
1195795.0,0,1.03,C,7,16,29,60,B2,Diesel,210.0,R91
1195799.0,1,1.01,D,5,1,27,72,B3,Diesel,902.0,R31
1195820.0,0,1.01,C,7,13,46,52,B10,Diesel,483.0,R91
1195836.0,0,1.06,E,11,6,31,54,B11,Regular,4059.0,R23
1195842.0,0,1.13,E,5,0,44,50,B3,Regular,3866.0,R24
1195846.0,0,1.32,C,6,3,54,50,B1,Diesel,368.0,R82
1196404.0,1,1.43,D,4,14,52,50,B1,Regular,824.0,R91
1196421.0,0,1.03,D,6,4,51,50,B2,Diesel,1408.0,R73
1196422.0,0,1.03,B,5,13,84,50,B1,Diesel,61.0,R73
1196431.0,0,1.01,C,5,0,31,51,B2,Diesel,255.0,R91
1196433.0,0,1.06,E,6,2,36,50,B2,Diesel,9307.0,R82
1196445.0,0,1.01,F,6,0,39,50,B2,Regular,27000.0,R11
1196487.0,0,1.06,C,7,15,46,50,B10,Diesel,483.0,R91
1196511.0,0,1.08,D,7,9,49,50,B4,Regular,535.0,R82
1196537.0,0,1.11,D,5,4,54,50,B1,Diesel,572.0,R93
1196594.0,0,1.14,D,7,15,41,72,B2,Regular,1541.0,R91
1196597.0,0,1.14,B,6,7,37,51,B1,Diesel,57.0,R73
1196628.0,0,1.18,C,9,0,51,50,B6,Diesel,111.0,R91
1196633.0,0,1.09,C,5,15,52,50,B2,Regular,130.0,R82
1196637.0,0,1.07,F,5,2,54,50,B2,Regular,10156.0,R11
1196638.0,0,1.02,C,5,2,53,50,B4,Diesel,285.0,R31
1196648.0,0,1.19,D,4,8,34,50,B2,Regular,769.0,R82
1196659.0,0,1.01,E,11,12,57,50,B10,Regular,2983.0,R31
1196669.0,0,1.18,D,7,14,36,51,B2,Regular,1296.0,R24
1196671.0,0,1.16,E,5,0,29,60,B2,Regular,3963.0,R91
1196676.0,0,1.07,E,5,12,32,50,B3,Diesel,5460.0,R11
1196677.0,0,1.04,C,7,6,58,57,B11,Regular,269.0,R91
1196693.0,0,1.04,C,6,9,48,54,B1,Diesel,483.0,R91
1196694.0,0,1.04,C,6,9,44,51,B1,Diesel,483.0,R91
1196703.0,0,1.04,E,14,17,52,50,B10,Regular,3673.0,R25
1196723.0,0,1.03,E,4,14,43,50,B1,Regular,2311.0,R11
1196725.0,0,1.16,C,6,1,40,50,B4,Diesel,108.0,R82
1196745.0,0,1.34,A,7,11,65,50,B2,Regular,16.0,R24
1196763.0,0,1.01,C,5,5,34,50,B4,Regular,288.0,R72
1196768.0,0,1.33,E,6,5,52,50,B3,Regular,3317.0,R93
1196771.0,0,1.43,C,7,0,38,50,B1,Diesel,108.0,R52
1196773.0,0,1.01,A,7,12,41,50,B2,Regular,38.0,R93
1196799.0,0,1.4,C,4,10,51,50,B1,Regular,105.0,R91
1196804.0,0,1.02,D,5,11,38,50,B2,Diesel,1247.0,R73
1196807.0,0,1.13,D,8,13,43,50,B10,Regular,1974.0,R54
1196809.0,0,1.12,E,7,0,51,66,B1,Diesel,3317.0,R93
1196868.0,0,1.22,E,8,13,35,57,B10,Diesel,3457.0,R82
1196887.0,0,1.2,D,12,18,40,54,B12,Diesel,868.0,R73
1196888.0,0,1.13,C,6,2,56,55,B1,Diesel,210.0,R93
1196894.0,0,1.01,A,7,8,40,50,B1,Diesel,24.0,R91
1196904.0,0,1.02,A,6,0,56,50,B1,Diesel,45.0,R93
1196913.0,0,1.02,E,6,5,26,80,B3,Regular,4348.0,R72
1196922.0,0,1.03,D,6,21,48,50,B1,Diesel,679.0,R72
1196923.0,0,1.65,F,11,15,76,76,B1,Regular,27000.0,R11
1196936.0,0,1.04,D,6,0,61,50,B2,Diesel,824.0,R91
1196951.0,0,1.12,C,6,9,33,54,B1,Diesel,426.0,R91
1196956.0,0,1.16,C,5,0,53,55,B2,Regular,298.0,R93
1196958.0,0,1.13,D,4,12,33,67,B1,Diesel,1693.0,R82
1196971.0,0,1.03,B,7,0,33,50,B4,Diesel,50.0,R24
1197000.0,0,1.02,E,5,1,47,50,B2,Regular,3385.0,R11
1197018.0,0,1.04,E,6,2,30,72,B3,Diesel,3317.0,R93
1197023.0,0,1.13,D,4,22,71,50,B1,Regular,1445.0,R72
1197025.0,0,1.98,D,4,22,71,50,B1,Regular,1445.0,R72
1197062.0,0,1.04,C,5,11,47,50,B14,Regular,498.0,R31
1197064.0,0,1.11,D,5,10,47,50,B2,Diesel,975.0,R31
1197068.0,0,1.35,C,7,14,60,50,B2,Regular,388.0,R93
1197092.0,0,1.03,D,13,12,58,50,B10,Regular,1426.0,R82
1197096.0,0,1.01,B,8,17,58,50,B1,Diesel,77.0,R82
1197100.0,0,1.03,D,7,20,47,57,B1,Diesel,821.0,R24
1197114.0,0,1.15,D,7,14,53,54,B11,Regular,1217.0,R82
1197116.0,0,1.28,C,4,13,51,50,B4,Regular,269.0,R91
1197118.0,0,1.07,C,5,1,77,52,B2,Diesel,453.0,R72
1197124.0,0,1.19,D,5,0,34,50,B5,Diesel,1321.0,R11
1197126.0,0,1.16,C,5,2,50,50,B3,Regular,193.0,R91
1197138.0,0,1.01,D,4,14,33,50,B1,Regular,1699.0,R91
1197139.0,0,1.01,C,5,9,46,50,B2,Diesel,269.0,R91
1197152.0,0,1.13,D,5,15,44,50,B3,Regular,769.0,R82
1197157.0,0,1.17,B,6,3,29,76,B2,Diesel,59.0,R53
1197162.0,0,1.12,E,7,12,48,64,B2,Regular,9307.0,R82
1197166.0,0,1.51,D,5,0,66,50,B2,Diesel,721.0,R93
1197169.0,1,1.24,C,7,1,54,60,B1,Regular,454.0,R11
1197173.0,0,1.02,E,9,7,29,60,B1,Regular,9307.0,R82
1197183.0,0,1.01,A,8,20,54,50,B1,Regular,26.0,R93
1197185.0,0,1.01,C,7,10,52,50,B2,Regular,322.0,R82
1197194.0,0,1.2,C,14,0,41,50,B3,Regular,159.0,R91
1197196.0,0,1.09,B,6,7,37,50,B2,Diesel,66.0,R93
1197197.0,0,1.15,C,6,14,37,95,B1,Diesel,300.0,R91
1197198.0,0,1.06,E,5,15,35,85,B3,Diesel,4222.0,R11
1197239.0,0,1.12,A,8,10,33,72,B6,Regular,33.0,R54
1197241.0,0,1.43,D,8,17,37,58,B11,Regular,1976.0,R93
1197247.0,0,1.19,C,7,18,33,64,B5,Regular,332.0,R82
1197252.0,0,1.26,B,5,13,37,52,B3,Diesel,66.0,R93
1197253.0,0,1.24,A,5,0,76,50,B1,Regular,27.0,R91
1197256.0,0,1.18,D,7,0,37,55,B2,Regular,1976.0,R93
1197257.0,0,1.15,C,5,5,69,50,B3,Diesel,269.0,R91
1197273.0,0,1.18,D,5,2,42,50,B2,Diesel,1510.0,R11
1197275.0,0,1.12,D,6,6,31,50,B2,Diesel,1307.0,R31
1197295.0,0,1.02,E,5,0,51,50,B2,Diesel,6736.0,R11
1197306.0,1,1.01,E,7,8,21,90,B2,Regular,3744.0,R93
1197308.0,0,1.2,C,6,7,61,50,B2,Diesel,269.0,R91
1197311.0,0,1.5,B,6,0,47,50,B6,Regular,78.0,R93
1197337.0,0,1.33,E,7,0,52,50,B3,Diesel,4762.0,R93
1197338.0,0,1.15,E,6,2,42,50,B10,Regular,3317.0,R93
1197356.0,0,1.35,C,5,3,55,50,B1,Regular,159.0,R91
1197367.0,0,1.28,C,7,0,68,50,B12,Diesel,165.0,R93
1197381.0,1,1.29,C,4,11,48,50,B2,Regular,269.0,R91
1197396.0,0,1.01,E,7,11,27,91,B1,Diesel,4116.0,R24
1197401.0,0,1.05,C,6,13,53,76,B1,Diesel,483.0,R91
1197412.0,0,1.02,D,6,14,32,72,B1,Diesel,1699.0,R91
1197420.0,0,1.22,A,6,15,48,50,B13,Regular,13.0,R93
1197447.0,0,1.02,A,8,14,39,50,B14,Diesel,22.0,R82
1197458.0,0,1.02,E,12,20,37,50,B11,Regular,3233.0,R82
1197481.0,0,1.06,C,7,15,46,50,B10,Diesel,483.0,R91
1197482.0,0,1.52,C,7,12,53,50,B2,Diesel,176.0,R93
1197506.0,0,1.12,E,9,12,34,68,B3,Regular,3301.0,R73
1197511.0,0,1.08,C,7,17,58,50,B1,Regular,113.0,R24
1197539.0,1,1.25,C,6,7,30,64,B5,Diesel,109.0,R91
1197566.0,0,1.06,E,4,17,51,50,B1,Regular,3963.0,R91
1197589.0,0,1.02,B,5,0,37,53,B6,Regular,77.0,R93
1197592.0,0,1.11,B,7,0,58,54,B3,Diesel,98.0,R91
1197598.0,0,1.49,E,4,6,44,85,B2,Regular,3708.0,R26
1197609.0,0,1.18,E,10,1,55,50,B6,Regular,3866.0,R24
1197611.0,0,1.15,A,8,7,59,50,B6,Regular,19.0,R21
1197622.0,0,1.13,E,8,0,38,50,B10,Regular,4762.0,R93
1197635.0,0,1.05,C,7,6,43,50,B2,Diesel,115.0,R91
1197648.0,0,1.08,A,7,2,51,50,B2,Diesel,8.0,R73
1197655.0,0,1.28,C,5,0,61,50,B2,Diesel,107.0,R91
1197661.0,1,1.07,E,11,14,38,57,B3,Regular,9817.0,R11
1197669.0,0,1.27,E,6,0,37,50,B3,Diesel,5460.0,R11
1197670.0,0,1.06,E,5,3,29,90,B3,Diesel,3317.0,R93
1197673.0,0,1.25,E,4,6,38,50,B2,Diesel,2818.0,R31
1197674.0,0,1.08,D,5,0,26,64,B2,Diesel,776.0,R93
1197701.0,0,1.03,E,5,7,59,50,B5,Diesel,2224.0,R82
1197714.0,0,1.11,E,10,11,32,63,B12,Regular,2044.0,R24
1197715.0,0,1.12,D,8,0,49,50,B10,Diesel,1005.0,R93
1197736.0,0,1.15,E,4,11,38,50,B14,Regular,4762.0,R93
1197738.0,0,1.11,C,7,6,64,50,B13,Regular,162.0,R93
1197768.0,0,1.01,D,8,17,63,50,B11,Regular,1962.0,R82
1197775.0,0,1.12,A,6,1,52,50,B3,Diesel,17.0,R82
1197781.0,0,1.03,E,5,0,68,50,B2,Diesel,6336.0,R11
1197786.0,0,1.04,C,12,11,41,50,B10,Regular,269.0,R73
1197794.0,0,1.11,D,5,10,47,50,B2,Diesel,975.0,R31
1197820.0,0,1.06,E,6,8,26,76,B1,Regular,5877.0,R11
1197822.0,0,1.31,E,5,15,31,60,B2,Regular,3317.0,R93
1197830.0,0,1.03,E,8,0,37,50,B3,Regular,3744.0,R93
1197840.0,0,1.21,C,7,0,40,50,B1,Diesel,376.0,R93
1197857.0,0,1.3,C,5,13,45,50,B1,Regular,129.0,R82
1197861.0,0,1.18,F,7,9,49,50,B1,Diesel,27000.0,R11
1197865.0,0,1.74,C,11,9,45,50,B5,Regular,335.0,R91
1197873.0,0,1.04,B,10,13,31,68,B13,Diesel,73.0,R54
1197875.0,0,1.01,B,7,10,35,50,B6,Regular,72.0,R54
1197880.0,0,1.03,B,6,14,75,50,B2,Diesel,70.0,R91
1197889.0,0,1.28,E,7,7,63,64,B6,Diesel,3317.0,R93
1197901.0,0,1.07,C,5,10,45,50,B2,Diesel,265.0,R31
1197903.0,0,1.22,D,9,14,51,51,B1,Regular,645.0,R91
1197904.0,0,1.11,C,6,3,36,61,B2,Diesel,186.0,R93
1197906.0,0,1.56,D,10,0,74,50,B2,Diesel,1512.0,R31
1197914.0,0,1.04,D,11,0,65,50,B11,Diesel,669.0,R73
1197921.0,0,1.06,E,8,20,41,51,B1,Regular,2715.0,R24
1197924.0,1,1.04,D,8,11,31,72,B14,Diesel,549.0,R82
1197930.0,0,1.13,E,7,11,44,83,B2,Diesel,3744.0,R93
1197940.0,0,1.07,C,4,2,54,90,B2,Diesel,269.0,R91
1197952.0,0,1.01,D,5,13,23,100,B2,Regular,646.0,R31
1197961.0,0,1.19,E,5,4,40,50,B1,Diesel,3233.0,R82
1197965.0,0,1.03,E,8,10,42,50,B12,Regular,4059.0,R23
1197969.0,0,1.02,D,6,14,32,68,B1,Diesel,1699.0,R91
1197992.0,0,1.03,C,5,0,61,50,B5,Regular,269.0,R91
1197997.0,0,1.01,A,7,15,46,50,B1,Regular,2.0,R93
1198000.0,0,1.03,B,7,0,36,50,B2,Regular,59.0,R25
1198003.0,0,1.17,D,4,10,49,50,B2,Regular,1867.0,R11
1198005.0,0,1.06,B,8,12,43,68,B2,Diesel,70.0,R91
1198012.0,0,1.01,E,6,1,51,76,B5,Regular,3963.0,R91
1198014.0,0,1.05,C,7,5,38,50,B11,Diesel,269.0,R91
1198016.0,0,1.01,D,14,10,32,68,B5,Regular,598.0,R93
1198026.0,0,1.06,B,8,1,60,50,B10,Diesel,73.0,R72
1198031.0,0,1.24,E,4,0,41,50,B1,Regular,3866.0,R24
1198039.0,0,1.18,B,4,0,38,50,B1,Regular,69.0,R73
1198040.0,0,1.19,A,7,9,29,68,B11,Diesel,31.0,R25
1198048.0,0,1.03,E,6,12,35,51,B12,Diesel,2558.0,R31
1198053.0,0,1.27,C,4,18,42,50,B2,Regular,252.0,R73
1198054.0,0,1.23,A,7,7,29,68,B11,Diesel,31.0,R25
1198058.0,0,1.1,D,7,0,60,50,B3,Diesel,1096.0,R11
1198064.0,0,1.25,E,6,0,41,50,B12,Diesel,3317.0,R93
1198065.0,0,1.1,A,6,11,44,50,B2,Diesel,22.0,R82
1198069.0,0,1.44,E,7,13,31,85,B2,Regular,3317.0,R93
1198088.0,0,1.45,E,11,4,53,50,B11,Regular,4762.0,R93
1198104.0,0,1.11,B,6,0,58,51,B3,Diesel,98.0,R91
1198118.0,0,1.15,A,8,7,59,50,B6,Regular,19.0,R21
1198142.0,0,1.03,E,4,12,40,50,B2,Regular,3862.0,R31
1198145.0,0,2.01,C,5,0,59,50,B3,Regular,239.0,R41
1198155.0,0,1.23,E,7,15,53,77,B3,Regular,2733.0,R93
1198165.0,0,1.03,E,4,12,40,50,B2,Regular,3862.0,R31
1198173.0,0,1.21,C,5,7,46,50,B1,Regular,140.0,R82
1198181.0,0,1.3,E,8,7,32,68,B2,Diesel,3708.0,R26
1198197.0,0,1.08,E,6,1,30,57,B1,Regular,4116.0,R24
1198222.0,0,1.17,B,6,2,48,50,B2,Diesel,86.0,R72
1198231.0,0,1.06,D,7,3,51,50,B1,Regular,711.0,R82
1198235.0,0,1.17,E,5,0,26,68,B2,Diesel,3317.0,R93
1198264.0,0,1.03,E,8,8,36,50,B10,Diesel,4116.0,R24
1198276.0,0,1.31,D,8,13,41,57,B10,Diesel,1422.0,R82
1198289.0,1,1.28,C,6,3,56,50,B2,Regular,251.0,R93
1198298.0,0,1.36,E,14,9,30,64,B3,Regular,2446.0,R93
1198300.0,0,1.11,C,6,11,46,50,B1,Diesel,444.0,R31
1198304.0,0,1.44,D,8,4,53,57,B2,Diesel,776.0,R93
1198308.0,0,1.12,E,7,5,36,60,B13,Regular,3488.0,R23
1198309.0,0,1.14,D,7,13,67,50,B2,Regular,824.0,R91
1198311.0,0,1.04,E,15,7,46,60,B11,Regular,2288.0,R31
1198312.0,0,1.07,F,7,0,69,50,B6,Regular,10156.0,R11
1198314.0,0,1.04,A,5,0,63,50,B2,Diesel,15.0,R91
1198335.0,0,1.03,C,5,0,61,50,B1,Diesel,444.0,R53
1198336.0,0,1.05,C,7,0,61,50,B2,Regular,444.0,R53
1198337.0,0,1.05,C,6,0,61,50,B2,Regular,444.0,R53
1198339.0,0,1.02,C,5,0,61,50,B2,Diesel,444.0,R53
1198340.0,0,1.44,E,6,12,47,50,B1,Diesel,4762.0,R93
1198341.0,0,1.05,C,6,0,61,50,B2,Diesel,444.0,R53
1198342.0,0,1.2,C,5,0,48,50,B2,Diesel,204.0,R91
1198356.0,0,1.21,C,5,9,42,50,B2,Diesel,125.0,R91
1198360.0,0,1.32,A,7,2,50,50,B3,Regular,26.0,R91
1198365.0,0,1.01,A,6,14,58,50,B2,Regular,19.0,R72
1198373.0,0,1.01,C,7,7,50,50,B5,Regular,269.0,R91
1198380.0,0,1.09,E,10,5,31,64,B10,Regular,3708.0,R26
1198382.0,0,1.28,A,6,14,35,76,B1,Regular,42.0,R52
1198387.0,0,1.04,C,10,5,42,62,B11,Regular,101.0,R93
1198413.0,0,1.01,E,7,11,27,81,B1,Diesel,4116.0,R24
1198417.0,0,1.19,C,4,0,44,50,B1,Diesel,269.0,R91
1198421.0,0,1.03,E,4,11,54,50,B14,Regular,9307.0,R82
1198424.0,0,1.93,E,4,16,40,50,B1,Regular,3317.0,R93
1198425.0,0,1.03,B,12,0,49,50,B1,Diesel,97.0,R93
1198438.0,0,1.27,A,6,5,57,50,B2,Diesel,39.0,R93
1198445.0,0,1.18,B,6,0,29,76,B3,Diesel,65.0,R93
1198449.0,0,1.3,D,7,12,60,50,B2,Regular,533.0,R82
1198454.0,0,1.04,D,11,0,65,50,B11,Diesel,669.0,R73
1198467.0,0,1.01,B,7,7,57,50,B2,Regular,87.0,R54
1198479.0,1,2.0,C,10,11,32,50,B13,Regular,373.0,R91
1198489.0,0,1.43,E,5,0,38,50,B2,Diesel,3317.0,R93
1198490.0,0,1.01,D,9,9,58,50,B12,Regular,776.0,R93
1198499.0,2,1.09,D,6,9,37,90,B1,Diesel,1055.0,R72
1198511.0,0,1.28,E,7,3,42,50,B1,Diesel,3430.0,R93
1198514.0,0,1.32,C,8,0,35,50,B5,Diesel,188.0,R52
1198518.0,0,1.22,C,4,12,30,71,B2,Diesel,145.0,R11
1198519.0,0,1.06,B,11,1,55,77,B10,Diesel,95.0,R93
1198521.0,0,1.2,C,4,17,59,50,B5,Diesel,483.0,R91
1198525.0,0,1.32,C,5,0,69,50,B4,Regular,183.0,R91
1198533.0,0,1.19,C,7,0,49,50,B3,Diesel,265.0,R91
1198534.0,0,1.23,B,5,4,39,50,B3,Diesel,97.0,R91
1198535.0,0,1.43,B,5,0,38,50,B2,Diesel,76.0,R72
1198538.0,0,1.17,D,5,6,27,64,B1,Regular,1289.0,R31
1198545.0,0,1.12,E,9,3,29,68,B12,Regular,5460.0,R11
1198548.0,0,1.02,D,4,0,35,51,B1,Diesel,1468.0,R93
1198562.0,0,1.33,F,9,21,37,51,B13,Regular,27000.0,R11
1198565.0,0,1.27,E,7,3,35,85,B4,Diesel,3317.0,R93
1198572.0,0,1.48,D,6,8,43,50,B1,Diesel,1699.0,R91
1198583.0,0,1.24,E,6,6,31,60,B1,Diesel,3963.0,R91
1198587.0,0,1.01,E,7,1,58,52,B1,Diesel,3075.0,R72
1198593.0,0,1.22,E,9,11,49,50,B3,Regular,3301.0,R73
1198600.0,0,1.3,E,5,1,35,68,B4,Diesel,7259.0,R31
1198614.0,0,1.75,C,9,6,42,50,B3,Regular,376.0,R93
1198618.0,0,1.54,C,4,12,36,50,B2,Regular,452.0,R82
1198624.0,0,1.12,A,7,1,52,50,B4,Regular,17.0,R82
1198625.0,0,1.52,D,5,12,48,50,B6,Regular,1882.0,R72
1198627.0,1,1.35,E,9,9,40,50,B11,Regular,2365.0,R31
1198633.0,0,1.27,D,11,10,41,60,B2,Regular,820.0,R41
1198635.0,0,1.3,D,7,2,59,80,B1,Diesel,1005.0,R93
1198636.0,0,1.22,D,5,3,40,64,B1,Diesel,962.0,R31
1198637.0,0,1.41,A,9,5,30,90,B10,Diesel,12.0,R82
1198643.0,0,1.49,D,5,4,33,68,B4,Regular,776.0,R93
1198645.0,0,1.69,C,7,10,61,50,B2,Diesel,190.0,R93
1198655.0,0,1.88,B,11,13,48,50,B14,Diesel,81.0,R22
1198661.0,0,1.13,E,8,0,38,50,B10,Regular,4762.0,R93
1198665.0,0,1.01,C,8,22,34,50,B2,Diesel,343.0,R93
1198666.0,0,1.03,C,11,10,35,76,B10,Diesel,111.0,R25
1198674.0,0,1.12,E,7,1,28,64,B6,Regular,6485.0,R11
1198675.0,0,1.05,D,6,9,39,68,B5,Regular,1535.0,R72
1198681.0,0,1.04,D,9,14,32,50,B10,Diesel,677.0,R31
1198683.0,0,1.3,D,7,7,37,50,B12,Regular,1400.0,R93
1198687.0,0,1.49,D,6,0,61,50,B1,Diesel,1448.0,R93
1198688.0,0,1.03,C,5,1,50,50,B3,Regular,269.0,R91
1198701.0,0,1.3,A,10,4,63,50,B12,Diesel,35.0,R93
1198705.0,0,1.01,E,4,11,46,50,B4,Regular,3317.0,R93
1198709.0,0,1.01,C,7,5,31,54,B2,Regular,117.0,R11
1198710.0,0,1.01,D,4,14,32,68,B3,Diesel,598.0,R93
1198711.0,0,1.06,E,10,14,51,50,B12,Regular,3301.0,R73
1198714.0,0,1.14,D,7,13,67,50,B2,Regular,824.0,R91
1198715.0,0,1.4,D,6,3,55,60,B1,Diesel,1326.0,R93
1198720.0,0,1.37,B,6,15,47,50,B2,Diesel,98.0,R82
1198721.0,0,1.35,A,9,4,59,52,B10,Diesel,10.0,R72
1198722.0,0,1.16,E,4,2,45,50,B1,Regular,4087.0,R53
1198729.0,0,1.11,E,4,2,61,50,B1,Regular,9307.0,R82
1198733.0,0,1.53,C,7,4,61,50,B1,Regular,269.0,R91
1198740.0,0,1.38,E,14,0,45,68,B2,Regular,3317.0,R93
1198741.0,0,1.01,B,10,12,39,60,B12,Diesel,74.0,R82
1198744.0,0,1.01,E,9,19,45,50,B3,Regular,4348.0,R72
1198753.0,0,1.05,C,6,0,61,50,B2,Diesel,444.0,R53
1198764.0,0,1.07,C,5,1,56,72,B2,Diesel,290.0,R91
1198785.0,0,1.01,F,8,9,42,50,B12,Regular,15725.0,R11
1198803.0,0,1.27,C,4,11,61,50,B2,Regular,159.0,R91
1198804.0,0,1.31,C,7,2,33,56,B1,Regular,370.0,R82
1198808.0,0,1.3,C,7,4,40,78,B5,Regular,384.0,R72
1198809.0,0,1.28,D,5,10,47,50,B2,Diesel,1323.0,R82
1198815.0,0,1.29,C,6,4,50,50,B2,Diesel,380.0,R93
1198820.0,0,1.3,E,5,0,66,50,B2,Diesel,3317.0,R93
1198824.0,0,1.9,F,11,14,37,80,B3,Regular,27000.0,R11
1198836.0,0,1.41,C,6,4,34,50,B1,Diesel,311.0,R25
1198843.0,0,1.15,C,6,14,37,72,B1,Diesel,300.0,R91
1198848.0,0,2.01,D,4,14,78,50,B1,Regular,824.0,R91
1198851.0,0,1.46,E,6,15,47,55,B2,Regular,6617.0,R11
1198853.0,0,1.06,D,14,2,27,90,B13,Regular,1468.0,R93
1198859.0,0,1.5,E,6,7,29,85,B2,Diesel,2983.0,R31
1198860.0,0,1.67,C,5,12,37,50,B5,Diesel,402.0,R93
1198869.0,0,1.12,E,4,1,26,64,B12,Regular,2983.0,R31
1198871.0,0,1.19,A,7,9,29,64,B11,Diesel,31.0,R25
1198878.0,0,1.05,E,8,4,30,76,B2,Diesel,4436.0,R25
1198881.0,0,1.02,A,15,13,28,64,B10,Regular,9.0,R91
1198883.0,0,1.82,D,7,8,28,57,B14,Regular,577.0,R21
1198884.0,0,1.6,C,7,1,54,76,B1,Diesel,116.0,R91
1198885.0,0,1.85,C,4,12,34,60,B4,Diesel,483.0,R91
1198892.0,0,1.17,A,7,7,50,50,B6,Regular,44.0,R43
1198894.0,0,1.03,A,8,1,46,50,B10,Diesel,48.0,R52
1198897.0,0,1.31,C,10,11,43,50,B2,Diesel,434.0,R93
1198898.0,0,1.14,D,4,13,44,50,B6,Regular,674.0,R93
1198900.0,1,1.92,C,9,0,37,57,B2,Regular,112.0,R93
1198901.0,0,1.63,C,9,7,55,50,B4,Diesel,458.0,R93
1198905.0,1,1.24,E,6,4,41,60,B1,Diesel,3317.0,R93
1198909.0,0,1.1,E,7,1,42,50,B1,Regular,9307.0,R82
1198910.0,0,1.19,E,6,11,51,50,B2,Diesel,3301.0,R73
1198914.0,0,1.71,C,7,5,51,51,B10,Diesel,483.0,R91
1198921.0,0,1.75,A,6,2,26,68,B12,Regular,46.0,R31
1198924.0,0,1.34,E,7,10,45,53,B11,Diesel,3317.0,R93
1198926.0,0,1.01,E,7,0,29,53,B11,Diesel,2446.0,R93
1198927.0,0,1.01,D,11,9,33,68,B10,Regular,987.0,R93
1198928.0,0,1.01,C,6,13,40,52,B1,Diesel,160.0,R93
1198934.0,0,1.48,B,6,8,40,60,B5,Diesel,63.0,R82
1198938.0,0,1.1,D,4,11,41,50,B1,Regular,1976.0,R93
1198941.0,0,1.39,C,8,0,37,54,B6,Diesel,240.0,R72
1198944.0,0,1.27,E,9,4,30,64,B1,Regular,5460.0,R11
1198946.0,0,1.9,D,14,13,49,50,B5,Regular,1225.0,R25
1198947.0,0,1.26,D,7,5,40,53,B1,Diesel,1326.0,R93
1198950.0,0,1.85,E,4,1,74,50,B14,Regular,3317.0,R93
1198951.0,0,1.43,E,8,4,35,76,B2,Diesel,8549.0,R82
1198953.0,0,1.7,E,8,16,49,50,B2,Diesel,4456.0,R72
1198958.0,0,1.27,A,7,1,40,57,B1,Diesel,48.0,R52
1198960.0,0,1.33,C,5,0,59,57,B6,Diesel,107.0,R93
1198963.0,0,1.52,C,5,3,34,50,B3,Diesel,377.0,R93
1198967.0,0,1.48,C,6,7,41,56,B3,Diesel,152.0,R91
1198968.0,0,1.64,C,6,10,75,50,B1,Diesel,161.0,R93
1198969.0,0,1.55,D,8,7,48,57,B10,Diesel,570.0,R93
1198970.0,0,1.33,E,8,13,55,60,B2,Regular,4762.0,R93
1198971.0,0,1.6,D,10,15,49,51,B2,Diesel,1541.0,R91
1198972.0,0,1.39,E,5,7,39,76,B3,Diesel,4762.0,R93
1198974.0,0,1.64,C,4,15,42,50,B5,Diesel,458.0,R93
1198976.0,0,1.64,B,10,14,52,50,B13,Diesel,99.0,R73
1198979.0,0,1.49,B,10,10,56,50,B2,Diesel,53.0,R24
1198981.0,0,1.49,C,4,7,48,80,B14,Regular,235.0,R82
1198982.0,0,1.39,E,6,12,44,63,B1,Diesel,3301.0,R73
1198983.0,0,1.48,E,4,2,41,50,B3,Diesel,3317.0,R93
1198984.0,0,1.64,A,8,16,31,64,B1,Diesel,10.0,R24
1198985.0,0,1.39,E,10,9,51,50,B10,Diesel,4762.0,R93
1198986.0,0,1.64,D,5,1,75,50,B1,Diesel,1247.0,R73
1198987.0,0,1.48,B,10,7,56,50,B5,Regular,53.0,R24
1198993.0,0,1.54,C,6,12,71,50,B2,Regular,122.0,R91
1198995.0,0,1.64,C,6,8,33,57,B2,Diesel,483.0,R91
1198996.0,0,1.48,C,8,17,38,54,B2,Diesel,130.0,R25
1198997.0,0,1.31,C,7,4,41,50,B11,Diesel,443.0,R73
1198998.0,0,1.62,A,9,10,45,50,B1,Regular,20.0,R91
1199004.0,0,1.25,E,7,6,42,50,B13,Diesel,9307.0,R82
1199005.0,0,1.33,C,5,0,59,54,B6,Diesel,107.0,R93
2214197.0,0,1.07,C,12,0,53,50,B12,Diesel,190.0,R72
2214388.0,1,1.08,C,4,0,55,50,B2,Regular,269.0,R91
2216014.0,0,1.03,D,6,9,32,50,B2,Diesel,612.0,R73
2216018.0,0,1.03,B,7,0,37,50,B10,Diesel,50.0,R22
2216268.0,0,1.07,C,12,0,53,50,B12,Diesel,190.0,R72
2222238.0,0,1.01,E,9,0,41,50,B6,Diesel,5877.0,R11
2226027.0,0,1.14,B,5,0,36,70,B2,Diesel,72.0,R25
2231564.0,0,1.01,E,9,0,57,50,B10,Regular,3317.0,R93
2235149.0,0,1.07,E,4,17,43,54,B1,Diesel,2288.0,R31
2241103.0,0,1.08,C,7,1,34,50,B6,Diesel,139.0,R73
2241127.0,0,1.24,C,10,20,54,50,B10,Diesel,116.0,R52
2241416.0,0,1.2,E,7,7,46,50,B4,Regular,3708.0,R26
2241709.0,0,1.11,E,6,6,30,80,B2,Diesel,3317.0,R93
2241744.0,0,1.1,C,9,17,29,65,B13,Regular,271.0,R93
2241750.0,1,1.12,C,5,4,56,50,B1,Regular,159.0,R91
2246322.0,0,1.15,F,5,2,62,50,B1,Regular,12750.0,R11
2248461.0,0,1.11,E,7,8,42,90,B2,Regular,6570.0,R11
2253617.0,0,1.03,C,10,14,42,70,B2,Diesel,194.0,R11
2253793.0,0,1.2,C,6,7,35,68,B2,Diesel,105.0,R82
2258667.0,0,1.02,D,6,28,81,50,B14,Regular,842.0,R73
2258730.0,0,1.01,A,5,2,67,50,B2,Diesel,14.0,R24
2258734.0,0,1.02,E,6,12,61,50,B1,Diesel,4116.0,R24
2258852.0,0,1.03,D,5,12,73,50,B2,Regular,1220.0,R73
2258879.0,0,1.02,D,6,10,57,50,B2,Diesel,954.0,R73
2258882.0,0,1.01,E,5,3,71,50,B2,Regular,3301.0,R73
2258894.0,0,1.01,E,4,17,34,90,B1,Regular,4116.0,R24
2258909.0,0,1.01,C,6,11,43,50,B12,Diesel,150.0,R24
2258912.0,0,1.03,B,9,15,62,50,B11,Diesel,83.0,R24
2258920.0,0,1.08,E,4,17,47,54,B2,Regular,8549.0,R82
2259905.0,0,1.01,C,11,5,36,50,B11,Regular,217.0,R91
2259974.0,0,1.07,B,4,0,51,59,B3,Diesel,86.0,R26
2260059.0,0,1.06,C,7,16,44,50,B4,Regular,111.0,R93
2260088.0,0,1.07,E,6,1,38,95,B1,Diesel,8549.0,R82
2261260.0,0,1.04,F,5,1,51,50,B3,Diesel,21410.0,R11
2261268.0,1,1.04,C,4,4,44,80,B3,Regular,443.0,R73
2261273.0,0,1.03,E,8,11,49,50,B1,Regular,3317.0,R93
2261274.0,0,1.01,E,11,1,58,50,B13,Regular,4762.0,R93
2261318.0,0,1.15,D,7,0,48,50,B1,Diesel,1131.0,R31
2261326.0,0,1.06,E,4,0,57,53,B2,Regular,3317.0,R93
2261350.0,0,1.15,E,7,10,40,51,B1,Diesel,6736.0,R11
2261405.0,0,1.04,A,5,1,44,50,B12,Diesel,42.0,R91
2261449.0,0,1.06,B,7,1,66,50,B3,Diesel,91.0,R73
2262540.0,0,1.02,E,9,14,71,62,B1,Regular,3857.0,R72
2262551.0,0,1.02,C,5,1,54,50,B3,Regular,244.0,R93
2262557.0,0,1.1,C,7,12,53,76,B11,Regular,483.0,R91
2262613.0,0,1.19,E,6,1,31,57,B1,Diesel,3317.0,R93
2262631.0,0,1.16,E,7,7,37,60,B10,Diesel,3963.0,R91
2262634.0,0,1.08,E,6,9,36,50,B2,Diesel,9307.0,R82
2262649.0,0,1.01,E,7,17,45,50,B2,Diesel,2906.0,R72
2262655.0,0,1.16,D,5,0,74,50,B2,Diesel,1622.0,R91
2262679.0,0,1.16,E,7,14,39,51,B2,Regular,3744.0,R93
2262682.0,0,1.23,D,7,19,36,54,B2,Regular,677.0,R31
2262686.0,0,1.18,C,4,11,52,50,B1,Regular,370.0,R24
2262717.0,0,1.02,A,5,10,38,50,B2,Diesel,5.0,R82
2262743.0,0,1.15,B,6,7,41,81,B2,Diesel,75.0,R93
2262749.0,0,1.07,C,5,10,33,76,B2,Diesel,257.0,R91
2262756.0,0,1.15,E,7,15,40,64,B2,Diesel,3240.0,R11
2262775.0,0,1.1,A,6,0,47,50,B6,Diesel,39.0,R25
2262779.0,0,1.06,D,6,0,59,50,B2,Diesel,532.0,R91
2264342.0,0,1.06,C,6,11,47,80,B3,Diesel,240.0,R72
2264382.0,0,1.2,D,4,11,29,95,B4,Diesel,824.0,R91
2264383.0,0,1.15,B,7,9,65,50,B2,Diesel,89.0,R93
2264403.0,0,1.07,E,10,18,45,87,B13,Regular,4222.0,R11
2264420.0,0,1.02,C,6,11,63,50,B1,Diesel,304.0,R91
2264426.0,0,1.13,E,5,15,55,72,B1,Regular,4116.0,R24
2264431.0,0,1.12,A,6,3,76,50,B6,Diesel,10.0,R83
2264479.0,0,1.05,E,6,11,37,54,B1,Regular,3317.0,R93
2264481.0,0,1.09,C,5,7,30,68,B6,Regular,246.0,R31
2264484.0,1,1.06,E,8,1,31,95,B2,Regular,7259.0,R31
2264523.0,1,1.03,C,8,0,40,50,B2,Diesel,202.0,R91
2264534.0,0,1.02,D,4,3,55,50,B6,Regular,1247.0,R73
2264599.0,0,1.06,F,5,2,29,66,B1,Regular,27000.0,R11
2264617.0,0,1.03,E,7,33,35,80,B3,Regular,4116.0,R24
2264677.0,0,1.03,D,9,1,36,51,B10,Diesel,1326.0,R93
2264679.0,0,1.03,D,11,22,53,50,B2,Regular,1326.0,R93
2264711.0,0,1.01,C,5,2,60,50,B2,Diesel,188.0,R91
2264749.0,0,1.02,B,10,14,30,76,B12,Diesel,66.0,R93
2264760.0,0,1.01,E,9,10,36,54,B1,Regular,3317.0,R93
2264773.0,0,1.02,E,7,3,32,60,B2,Diesel,2936.0,R42
2264782.0,0,1.04,E,10,9,68,50,B11,Regular,3301.0,R73
2264786.0,0,1.03,D,10,6,65,50,B12,Regular,720.0,R73
2266275.0,0,1.04,D,8,0,40,59,B12,Diesel,595.0,R93
2266324.0,0,1.04,E,7,13,33,72,B1,Diesel,2906.0,R72
2266394.0,0,1.01,E,4,14,30,76,B2,Regular,3317.0,R93
2266449.0,0,1.01,C,5,0,63,50,B2,Diesel,111.0,R93
2266468.0,1,1.15,C,6,7,26,72,B2,Diesel,483.0,R91
2266471.0,0,1.19,D,10,10,45,57,B3,Regular,821.0,R24
2266475.0,0,1.01,C,7,0,52,50,B6,Diesel,185.0,R91
2266488.0,0,1.13,A,5,2,37,64,B2,Diesel,43.0,R73
2266505.0,0,1.05,C,6,6,35,64,B1,Diesel,164.0,R31
2266534.0,0,1.01,D,5,0,32,65,B5,Diesel,631.0,R93
2266539.0,0,1.11,E,7,10,33,64,B11,Diesel,4116.0,R24
2266552.0,0,1.04,E,7,9,69,68,B2,Diesel,3317.0,R93
2266562.0,0,1.01,C,4,18,39,67,B1,Regular,219.0,R91
2266588.0,0,1.13,B,7,8,55,50,B2,Regular,66.0,R93
2266596.0,0,1.1,D,7,0,51,50,B3,Diesel,1780.0,R31
2266623.0,0,1.14,C,12,2,50,50,B12,Diesel,258.0,R73
2266651.0,0,1.01,E,7,0,56,50,B1,Regular,2983.0,R31
2266715.0,0,1.12,A,5,19,58,76,B2,Regular,11.0,R73
2266791.0,0,1.03,E,6,5,34,50,B1,Diesel,3963.0,R91
2266824.0,0,1.12,D,8,2,36,50,B6,Diesel,528.0,R93
2266842.0,0,1.01,A,4,13,55,50,B2,Regular,35.0,R24
2267950.0,0,1.13,C,7,8,28,52,B1,Diesel,483.0,R91
2267963.0,0,1.11,E,6,9,42,72,B6,Diesel,3317.0,R93
2267964.0,0,1.14,D,5,11,31,64,B2,Diesel,725.0,R31
2267977.0,1,1.2,A,10,17,49,90,B2,Diesel,11.0,R93
2267983.0,0,1.01,B,5,2,41,50,B1,Diesel,90.0,R82
2267991.0,0,1.09,D,4,0,63,87,B2,Regular,1719.0,R82
2268015.0,0,1.18,E,5,6,44,50,B5,Diesel,3060.0,R11
2268025.0,0,1.02,E,5,11,46,50,B1,Regular,3317.0,R93
2268026.0,0,1.15,C,6,12,32,95,B1,Diesel,483.0,R91
2268054.0,0,1.08,C,4,1,45,50,B1,Diesel,269.0,R91
2268096.0,0,1.02,E,7,19,51,50,B2,Regular,3744.0,R93
2268113.0,0,1.02,D,4,13,52,50,B6,Regular,905.0,R82
2268116.0,0,1.03,C,9,15,45,50,B2,Regular,107.0,R52
2268135.0,0,1.07,E,7,3,37,62,B1,Diesel,3317.0,R93
2268140.0,0,1.02,D,13,2,63,50,B13,Regular,1602.0,R53
2268154.0,0,1.03,E,13,14,38,52,B11,Regular,3866.0,R24
2268160.0,0,1.01,E,4,16,35,50,B2,Regular,3317.0,R93
2268164.0,0,1.08,D,5,15,47,50,B2,Regular,1326.0,R93
2268183.0,0,1.02,E,7,10,45,64,B2,Regular,9307.0,R82
2268185.0,1,1.11,C,5,1,32,54,B3,Diesel,218.0,R82
2268191.0,0,1.08,E,5,4,73,71,B6,Regular,3317.0,R93
2268232.0,0,1.01,D,7,2,56,50,B1,Regular,507.0,R93
2268246.0,0,1.07,D,5,12,32,50,B1,Regular,1271.0,R91
2268325.0,0,1.08,E,6,0,48,55,B10,Diesel,9307.0,R82
2268329.0,0,1.09,A,10,17,49,112,B2,Diesel,11.0,R93
2268349.0,0,1.19,E,7,12,38,54,B3,Regular,7306.0,R11
2268361.0,0,1.1,C,4,3,39,50,B2,Regular,289.0,R31
2268363.0,0,1.05,C,5,2,70,50,B3,Regular,237.0,R93
2268378.0,0,1.08,C,7,0,40,50,B2,Regular,208.0,R82
2268394.0,0,1.22,D,6,5,64,64,B1,Diesel,631.0,R93
2268433.0,0,1.01,A,6,15,55,50,B2,Diesel,22.0,R91
2268434.0,0,1.04,A,12,29,34,57,B1,Regular,11.0,R43
2268452.0,0,1.01,E,6,13,61,50,B1,Diesel,2032.0,R11
2268490.0,0,1.02,B,6,15,52,50,B1,Diesel,79.0,R26
2268521.0,0,1.15,D,7,1,34,50,B12,Regular,1062.0,R83
2268524.0,0,1.01,C,7,15,47,60,B2,Regular,172.0,R26
2268526.0,0,1.03,D,6,10,36,51,B10,Regular,1064.0,R24
2268535.0,0,1.06,B,9,0,62,50,B6,Diesel,76.0,R91
2268551.0,0,1.05,D,7,13,66,57,B2,Regular,1468.0,R93
2268562.0,0,1.12,B,9,7,30,51,B5,Regular,58.0,R91
2268636.0,0,1.03,C,5,0,42,50,B2,Diesel,177.0,R93
2268657.0,0,1.02,D,7,8,29,72,B5,Regular,1635.0,R82
2268711.0,0,1.08,E,7,4,52,50,B1,Diesel,3963.0,R91
2270432.0,0,1.16,E,7,0,45,50,B5,Diesel,4348.0,R72
2270455.0,0,1.15,C,5,13,45,50,B3,Regular,483.0,R91
2270464.0,0,1.05,A,10,5,64,50,B12,Diesel,35.0,R93
2270505.0,0,1.03,D,5,3,25,76,B3,Regular,1535.0,R72
2270523.0,0,1.02,B,13,16,30,51,B11,Regular,77.0,R54
2270529.0,0,1.03,D,5,5,41,57,B1,Regular,740.0,R82
2270538.0,0,1.01,E,4,11,41,59,B2,Regular,2365.0,R31
2270577.0,0,1.01,E,5,3,30,76,B2,Regular,6308.0,R11
2270605.0,0,1.02,E,7,3,37,57,B3,Diesel,3317.0,R93
2270629.0,0,1.02,E,7,0,34,64,B12,Regular,6736.0,R11
2270653.0,0,1.07,D,7,5,36,54,B1,Regular,1445.0,R72
2270655.0,0,1.03,C,6,1,69,50,B1,Diesel,151.0,R91
2270663.0,0,1.03,B,5,16,58,50,B1,Regular,87.0,R82
2270664.0,0,1.15,D,6,10,48,50,B3,Diesel,1326.0,R93
2270666.0,0,1.09,D,11,13,61,50,B3,Regular,565.0,R82
2270682.0,0,1.02,D,10,2,41,50,B11,Diesel,772.0,R52
2270686.0,0,1.04,C,6,4,44,50,B3,Diesel,310.0,R93
2270688.0,0,1.04,D,5,0,50,50,B2,Diesel,1867.0,R11
2270736.0,0,1.2,C,11,8,44,50,B10,Diesel,325.0,R93
2270747.0,0,1.02,D,4,14,68,50,B2,Diesel,1045.0,R73
2270767.0,0,1.03,C,6,9,36,60,B2,Diesel,151.0,R91
2270773.0,0,1.01,E,9,24,39,50,B5,Regular,3430.0,R93
2270774.0,0,1.01,E,9,24,39,50,B5,Regular,3430.0,R93
2270805.0,0,1.02,C,7,11,46,50,B11,Diesel,199.0,R73
2270822.0,0,1.02,A,7,0,69,50,B14,Diesel,46.0,R82
2270829.0,0,1.15,D,6,10,48,50,B3,Diesel,1326.0,R93
2270837.0,0,1.02,B,9,14,41,50,B1,Regular,66.0,R93
2270845.0,0,1.01,E,7,15,34,90,B1,Regular,4116.0,R24
2270853.0,0,1.01,E,5,4,54,63,B1,Diesel,8455.0,R82
2270860.0,0,1.03,E,5,0,40,50,B2,Diesel,5460.0,R11
2270865.0,0,1.01,E,5,15,40,68,B3,Diesel,6570.0,R11
2270869.0,0,1.02,D,6,14,33,90,B4,Diesel,1451.0,R31
2270876.0,0,1.01,F,5,13,57,52,B6,Regular,22821.0,R11
2270878.0,0,1.01,A,8,7,43,50,B6,Diesel,18.0,R82
2270882.0,0,1.01,E,4,2,37,54,B3,Diesel,6736.0,R11
2270885.0,0,1.01,E,4,18,58,50,B2,Regular,6336.0,R11
2270903.0,0,1.03,A,5,0,71,50,B2,Diesel,41.0,R91
2270909.0,0,1.13,C,5,2,52,50,B1,Diesel,348.0,R82
2270931.0,0,1.11,E,7,12,57,50,B1,Regular,3859.0,R82
2270932.0,0,1.05,A,6,1,42,78,B2,Diesel,18.0,R91
2272045.0,0,1.06,A,8,2,46,50,B4,Diesel,50.0,R82
2272048.0,0,1.07,A,4,13,37,54,B2,Regular,45.0,R82
2272059.0,0,1.03,C,14,16,48,55,B10,Diesel,336.0,R93
2272061.0,0,1.01,A,5,9,53,50,B2,Regular,19.0,R24
2272099.0,0,1.07,E,6,2,43,57,B3,Diesel,2498.0,R72
2272104.0,1,1.08,E,4,14,62,50,B2,Regular,5460.0,R11
2272109.0,0,1.06,B,6,8,54,50,B1,Diesel,67.0,R31
2272117.0,0,1.03,E,4,0,80,50,B2,Regular,3859.0,R82
2272125.0,0,1.22,E,5,1,40,50,B5,Regular,3317.0,R93
2272130.0,0,1.06,D,5,0,68,50,B1,Diesel,1082.0,R82
2272134.0,0,1.16,E,4,12,37,50,B1,Diesel,7313.0,R31
2272141.0,0,1.03,C,6,10,64,58,B1,Diesel,259.0,R31
2272184.0,0,1.07,E,6,5,53,50,B2,Diesel,9307.0,R82
2272199.0,0,1.05,B,7,3,63,50,B13,Diesel,66.0,R93
2272212.0,0,1.01,C,6,15,46,50,B1,Diesel,239.0,R24
2272213.0,0,1.02,C,4,11,26,85,B2,Regular,196.0,R31
2272235.0,0,1.03,E,6,11,47,50,B1,Diesel,8455.0,R82
2272242.0,0,1.01,C,5,5,35,76,B1,Diesel,298.0,R91
2272252.0,0,1.03,C,7,12,47,50,B2,Diesel,107.0,R93
2272277.0,0,1.02,E,7,9,55,50,B13,Regular,3317.0,R93
2272308.0,0,1.02,D,11,22,41,57,B11,Regular,1119.0,R82
2272321.0,0,1.16,D,4,12,52,50,B2,Regular,609.0,R93
2272373.0,0,1.03,F,9,8,29,64,B1,Regular,27000.0,R11
2272419.0,0,1.01,C,7,16,27,66,B3,Regular,483.0,R91
2272448.0,0,1.03,D,7,0,42,55,B1,Regular,1015.0,R83
2272564.0,0,1.02,D,5,13,45,50,B2,Diesel,1326.0,R93
2272570.0,0,1.03,E,8,2,62,50,B1,Diesel,2983.0,R31
2272591.0,0,1.09,D,7,2,77,64,B2,Regular,726.0,R91
2272679.0,0,1.01,C,6,18,49,90,B1,Regular,202.0,R91
2272725.0,0,1.02,C,9,12,35,67,B3,Regular,104.0,R82
2272729.0,0,1.02,D,9,11,40,50,B10,Diesel,1403.0,R93
2272783.0,0,1.01,E,9,13,31,73,B1,Regular,9307.0,R82
2272793.0,0,1.01,C,5,1,60,50,B3,Regular,239.0,R41
2273357.0,0,1.03,E,7,6,38,50,B12,Regular,4649.0,R31
2274955.0,0,1.23,E,4,12,51,50,B3,Diesel,2415.0,R82
2274996.0,0,1.01,A,6,17,46,50,B1,Diesel,45.0,R22
2275003.0,0,1.01,E,8,15,60,50,B2,Diesel,3317.0,R93
2275128.0,1,1.01,C,4,6,42,60,B3,Regular,212.0,R91
2275134.0,0,1.02,C,5,22,61,85,B2,Regular,393.0,R91
2275190.0,1,1.02,C,4,12,32,76,B5,Regular,171.0,R91
2275195.0,0,1.21,C,6,8,29,68,B2,Diesel,105.0,R82
2275232.0,1,1.02,A,8,12,56,50,B2,Diesel,25.0,R73
2275357.0,0,1.04,F,14,14,50,50,B5,Regular,27000.0,R11
2275430.0,0,1.01,A,5,16,40,50,B2,Diesel,47.0,R83
2275512.0,0,1.08,C,11,4,26,68,B12,Diesel,108.0,R82
2275529.0,0,1.03,E,5,0,40,50,B2,Diesel,5460.0,R11
2275549.0,0,1.19,E,6,2,50,50,B3,Diesel,3708.0,R26
2275555.0,1,1.03,E,5,0,40,50,B2,Diesel,5460.0,R11
2277320.0,0,1.01,E,7,0,43,62,B3,Diesel,3317.0,R93
2277378.0,0,1.16,D,7,6,59,50,B2,Diesel,565.0,R93
2277394.0,0,1.01,D,4,18,42,51,B5,Diesel,1565.0,R31
2277416.0,0,1.07,A,8,14,32,84,B3,Regular,16.0,R82
2277482.0,0,1.04,C,6,12,47,50,B1,Diesel,444.0,R31
2277618.0,0,1.01,E,7,16,53,50,B10,Diesel,3317.0,R93
2277685.0,0,1.03,D,7,0,42,52,B1,Regular,1015.0,R83
2277807.0,0,1.06,A,9,1,42,78,B12,Diesel,18.0,R91
2277811.0,0,1.01,A,5,9,53,50,B2,Regular,48.0,R53
2277882.0,0,1.09,E,9,0,48,50,B12,Regular,4762.0,R93
2280584.0,0,1.06,E,5,16,31,64,B4,Regular,4762.0,R93
2280657.0,0,1.17,C,7,9,51,58,B1,Diesel,123.0,R93
2280723.0,0,1.07,A,8,14,32,79,B3,Regular,16.0,R82
2280735.0,0,1.13,B,6,2,50,50,B2,Regular,99.0,R31
2280852.0,0,1.1,B,6,20,42,64,B2,Diesel,83.0,R91
2280857.0,0,1.04,C,6,3,36,50,B12,Diesel,181.0,R82
2281787.0,2,1.19,E,7,1,41,50,B13,Regular,3708.0,R26
2281788.0,0,1.09,E,7,16,46,51,B3,Regular,3317.0,R93
2282060.0,0,1.09,E,9,0,48,50,B12,Regular,4762.0,R93
2282117.0,0,1.08,E,7,4,52,50,B1,Diesel,3963.0,R91
2282123.0,0,1.11,D,6,2,43,50,B1,Diesel,1287.0,R72
2282138.0,0,1.08,E,5,2,45,50,B3,Regular,7313.0,R31
2282139.0,0,1.04,C,8,15,60,50,B6,Diesel,174.0,R93
2282246.0,0,1.05,E,7,13,39,68,B2,Regular,3317.0,R93
2282482.0,0,1.09,C,7,28,30,54,B3,Regular,200.0,R23
2282494.0,0,1.06,A,5,14,62,50,B3,Regular,43.0,R82
2285552.0,0,1.02,E,7,13,42,60,B11,Regular,3317.0,R93
2285602.0,0,1.01,E,4,16,59,51,B1,Diesel,6736.0,R11
2286877.0,0,1.18,C,9,16,25,68,B12,Regular,462.0,R72
2286947.0,0,1.01,D,6,4,56,50,B2,Diesel,620.0,R52
