IDpol,ClaimAmount
18698.0,1128.12
18698.0,1128.12
19887.0,1128.12
19887.0,1128.12
24992.0,1128.12
24992.0,1128.12
25763.0,1128.12
25763.0,1128.12
29567.0,1128.12
29567.0,1128.12
47912.0,1128.12
47912.0,1128.12
54009.0,1128.12
54009.0,1128.12
57501.0,1128.12
57501.0,1128.12
58271.0,1128.12
58271.0,1128.12
63581.0,1128.12
63581.0,1128.12
64373.0,1128.12
64373.0,1128.12
64761.0,1128.12
64761.0,1128.12
69710.0,1128.12
69710.0,1128.12
78130.0,1128.12
78130.0,1128.12
80499.0,1128.12
80499.0,1128.12
82396.0,1128.12
82396.0,1128.12
84575.0,1128.12
84575.0,1128.12
84723.0,1128.12
84723.0,1128.12
85694.0,1128.12
85694.0,1128.12
87044.0,1128.12
87044.0,1128.12
93954.0,1128.12
93954.0,1128.12
93954.0,1128.12
93954.0,1128.12
94483.0,1128.12
94483.0,1128.12
99249.0,1128.12
99249.0,1128.12
106146.0,1128.12
106146.0,1128.12
107107.0,1128.12
107107.0,1128.12
109352.0,1128.12
109352.0,1128.12
130375.0,1128.12
130375.0,1128.12
131884.0,1128.12
131884.0,1128.12
138936.0,1128.12
138936.0,1128.12
139553.0,1128.12
139553.0,1128.12
140398.0,1128.12
140398.0,1128.12
141105.0,1128.12
141105.0,1128.12
141256.0,1128.12
141256.0,1128.12
149242.0,1128.12
149242.0,1128.12
162695.0,1128.12
162695.0,1128.12
163865.0,1128.12
163865.0,1128.12
163873.0,1128.12
163873.0,1128.12
171580.0,1128.12
171580.0,1128.12
172022.0,1128.12
172022.0,1128.12
172452.0,1128.12
172452.0,1128.12
176081.0,1128.12
176081.0,1128.12
176728.0,1128.12
176728.0,1128.12
176908.0,1128.12
176908.0,1128.12
1019419.0,1128.12
1019419.0,1128.12
1021466.0,1128.12
1021466.0,1128.12
1032003.0,1128.12
1032003.0,1128.12
1065109.0,1128.0
1065109.0,1128.0
1077644.0,1128.12
1077644.0,1128.12
1079938.0,1128.12
1079938.0,1128.12
1084245.0,1128.12
1084245.0,1128.12
1085175.0,1128.12
1085175.0,1128.12
1085375.0,1128.0
1085375.0,1128.0
1090455.0,1128.12
1090455.0,1128.12
1091000.0,1128.12
1091000.0,1128.12
1097391.0,1128.12
1097391.0,1128.12
1097726.0,1128.12
1097726.0,1128.12
1101835.0,1128.12
1101835.0,1128.12
1118709.0,1128.0
1118709.0,1128.0
1121261.0,1128.12
1121261.0,1128.12
1122437.0,1128.12
1122437.0,1128.12
1143066.0,1128.12
1143066.0,1128.12
1148801.0,1128.12
1148801.0,1128.12
1158712.0,1128.12
1158712.0,1128.12
1160542.0,1128.12
1160542.0,1128.12
1160785.0,1128.12
1160785.0,1128.12
1164212.0,1128.0
1164212.0,1128.0
1164984.0,1128.12
1164984.0,1128.12
1179086.0,1128.12
1179086.0,1128.12
1185529.0,69.51
1185529.0,69.51
2013456.0,1172.0
2013456.0,1172.0
2019385.0,1172.0
2019385.0,1172.0
2019564.0,1172.0
2019564.0,1172.0
2029303.0,2324.17
2029303.0,2324.17
2052141.0,1172.0
2052141.0,1172.0
2060409.0,1172.0
2060409.0,1172.0
2060454.0,1172.0
2060454.0,1172.0
2062247.0,1172.0
2062247.0,1172.0
2064939.0,1172.0
2064939.0,1172.0
2064978.0,1172.0
2064978.0,1172.0
2067582.0,1172.0
2067582.0,1172.0
2069271.0,1172.0
2069271.0,1172.0
2069353.0,1172.0
2069353.0,1172.0
2069492.0,1172.0
2069492.0,1172.0
2070121.0,1172.0
2070121.0,1172.0
2070748.0,1172.0
2070748.0,1172.0
2071404.0,1172.0
2071404.0,1172.0
2071661.0,1172.0
2071661.0,1172.0
2075233.0,1172.0
2075233.0,1172.0
2077144.0,1172.0
2077144.0,1172.0
2078799.0,1172.0
2078799.0,1172.0
2080628.0,1172.0
2080628.0,1172.0
2081757.0,1172.0
2081757.0,1172.0
2086633.0,1172.0
2086633.0,1172.0
2091392.0,1172.0
2091392.0,1172.0
2098074.0,1172.0
2098074.0,1172.0
2100234.0,1172.0
2100234.0,1172.0
2100830.0,1172.0
2100830.0,1172.0
2102333.0,1172.0
2102333.0,1172.0
2103561.0,1172.0
2103561.0,1172.0
2103641.0,1172.0
2103641.0,1172.0
2103813.0,1172.0
2103813.0,1172.0
2104287.0,1172.0
2104287.0,1172.0
2109321.0,1172.0
2109321.0,1172.0
2111645.0,1172.0
2111645.0,1172.0
2112931.0,1172.0
2112931.0,1172.0
2120329.0,1172.0
2120329.0,1172.0
2136841.0,1172.0
2136841.0,1172.0
2139630.0,1172.0
2139630.0,1172.0
2142656.0,1172.0
2142656.0,1172.0
2151998.0,1172.0
2151998.0,1172.0
2153642.0,1172.0
2153642.0,1172.0
2182681.0,1172.0
2182681.0,1172.0
2187789.0,1172.0
2187789.0,1172.0
2188682.0,1172.0
2188682.0,1172.0
2191549.0,1172.0
2191549.0,1172.0
2200898.0,1172.0
2200898.0,1172.0
2208843.0,1172.0
2208843.0,1172.0
2210359.0,1172.0
2210359.0,1172.0
2220367.0,8000.0
2220367.0,8000.0
2227533.0,83.12
2227533.0,83.12
2227533.0,1500.0
2227533.0,1500.0
2227533.0,1500.0
2227533.0,7500.0
2227533.0,7500.0
2241683.0,1500.0
2241683.0,1500.0
2248174.0,1500.0
2248174.0,1500.0
2262511.0,1000.0
2262511.0,1000.0
2262511.0,1500.0
2262511.0,1500.0
2262511.0,1500.0
2262511.0,1500.0
2262511.0,1500.0
2262511.0,1500.0
2262511.0,10000.0
2262511.0,10000.0
2277762.0,1500.0
2277762.0,1500.0
2277762.0,1500.0
2277846.0,4000.0
2277846.0,4000.0
2282134.0,1500.0
2282134.0,1500.0
2282134.0,1500.0
2282134.0,1500.0
2282134.0,10000.0
2282134.0,10000.0
2282134.0,10000.0
2286775.0,1500.0
2286775.0,1500.0
2286775.0,10000.0
2286775.0,10000.0
3000277.0,1204.0
3000277.0,1204.0
3006779.0,1204.0
3006779.0,1204.0
3007850.0,1204.0
3007850.0,1204.0
3008526.0,1204.0
3008526.0,1204.0
3016224.0,1204.0
3016224.0,1204.0
3035048.0,1204.0
3035048.0,1204.0
3038850.0,1204.0
3038850.0,1204.0
3042522.0,1204.0
3042522.0,1204.0
3043347.0,1204.0
3043347.0,1204.0
3047984.0,1204.0
3047984.0,1204.0
3050690.0,1204.0
3050690.0,1204.0
3053062.0,1204.0
3053062.0,1204.0
3068593.0,1204.0
3068593.0,1204.0
3071981.0,1204.0
3071981.0,1204.0
3075965.0,1204.0
3075965.0,1204.0
3076479.0,1204.0
3076479.0,1204.0
3079654.0,1204.0
3079654.0,1204.0
3090146.0,1204.0
3090146.0,1204.0
3100634.0,1204.0
3100634.0,1204.0
3103301.0,1204.0
3103301.0,1204.0
3105775.0,602.0
3105775.0,602.0
3125171.0,1204.0
3125171.0,1204.0
3125304.0,1204.0
3125304.0,1204.0
3133779.0,1204.0
3133779.0,1204.0
3137431.0,1204.0
3137431.0,1204.0
3140888.0,1204.0
3140888.0,1204.0
3141835.0,1204.0
3141835.0,1204.0
3143793.0,1204.0
3143793.0,1204.0
3144670.0,1204.0
3144670.0,1204.0
3146197.0,1204.0
3146197.0,1204.0
3146671.0,1204.0
3146671.0,1204.0
3148279.0,1204.0
3148279.0,1204.0
3149933.0,1204.0
3149933.0,1204.0
3150325.0,1204.0
3150325.0,1204.0
3153801.0,1204.0
3153801.0,1204.0
3156096.0,1204.0
3156096.0,1204.0
3157425.0,1204.0
3157425.0,1204.0
3162581.0,1204.0
3162581.0,1204.0
3166102.0,1204.0
3166102.0,1204.0
3166365.0,1204.0
3166365.0,1204.0
3167226.0,1204.0
3167226.0,1204.0
3170629.0,1204.0
3170629.0,1204.0
3171574.0,1204.0
3171574.0,1204.0
3171778.0,1204.0
3171778.0,1204.0
3174646.0,1204.0
3174646.0,1204.0
3178613.0,1204.0
3178613.0,1204.0
3181284.0,1204.0
3181284.0,1204.0
3196904.0,1204.0
3196904.0,1204.0
3198289.0,1204.0
3198289.0,1204.0
3253234.0,1500.0
3253234.0,1500.0
3253234.0,1500.0
3254353.0,1000.0
3254353.0,1000.0
3254353.0,1200.0
3254353.0,1200.0
3254353.0,1800.0
3254353.0,1800.0
4023587.0,1204.0
4023587.0,1204.0
4031494.0,1204.0
4031494.0,1204.0
4037199.0,1204.0
4037199.0,1204.0
4041055.0,1204.0
4041055.0,1204.0
4041886.0,1204.0
4041886.0,1204.0
4042068.0,1204.0
4042068.0,1204.0
4044981.0,1204.0
4044981.0,1204.0
4049000.0,1204.0
4049000.0,1204.0
4052004.0,1204.0
4052004.0,1204.0
4055082.0,1204.0
4055082.0,1204.0
4073123.0,1204.0
4073123.0,1204.0
4085358.0,1204.0
4085358.0,1204.0
4114903.0,1204.0
4114903.0,1204.0
4119705.0,1204.0
4119705.0,1204.0
4122551.0,1204.0
4122551.0,1204.0
4123512.0,1204.0
4123512.0,1204.0
4125146.0,1204.0
4125146.0,1204.0
4126439.0,1204.0
4126439.0,1204.0
4126439.0,1204.0
4130443.0,1204.0
4130443.0,1204.0
4131276.0,1204.0
4131276.0,1204.0
4131417.0,1204.0
4131417.0,1204.0
4137419.0,1204.0
4137419.0,1204.0
4138171.0,1204.0
4138171.0,1204.0
4138498.0,1204.0
4138498.0,1204.0
4138969.0,1204.0
4138969.0,1204.0
4139173.0,1204.0
4139173.0,1204.0
4140827.0,1204.0
4140827.0,1204.0
4145001.0,1204.0
4145001.0,1204.0
4147940.0,1204.0
4147940.0,1204.0
4149044.0,1204.0
4149044.0,1204.0
4150329.0,1204.0
4150329.0,1204.0
4153019.0,1204.0
4153019.0,1204.0
4154625.0,1204.0
4154625.0,1204.0
4157833.0,1204.0
4157833.0,1204.0
4158394.0,1204.0
4158394.0,1204.0
4159243.0,1204.0
4159243.0,1204.0
4160249.0,1204.0
4160249.0,1204.0
4160395.0,1204.0
4160395.0,1204.0
4161770.0,75.0
4161770.0,75.0
4162046.0,1204.0
4162046.0,1204.0
4162192.0,1204.0
4162192.0,1204.0
4163897.0,1204.0
4163897.0,1204.0
4165852.0,1204.0
4165852.0,1204.0
4165911.0,1204.0
4165911.0,1204.0
4170413.0,1204.0
4170413.0,1204.0
4181834.0,1204.0
4181834.0,1204.0
4182847.0,1204.0
4182847.0,1204.0
4183076.0,1204.0
4183076.0,1204.0
4186720.0,1204.0
4186720.0,1204.0
4186720.0,1204.0
5006168.0,1204.0
5006168.0,1204.0
5020238.0,1204.0
5020238.0,1204.0
5024852.0,1204.0
5024852.0,1204.0
5027513.0,1204.0
5027513.0,1204.0
5069017.0,1204.0
5069017.0,1204.0
6097196.0,660.0
6097196.0,660.0
